VesselID,VesselType,Lpp_m,Beam_m,Draft_m,Depth_m,Displacement_t,CB,CP,CM,CW,ServiceSpeed_ms,DWT_t,EngineType,YearBuilt,Source,DataQuality,HullGeometryFile,ResistanceCurve
KCS (KRISO Container Ship),Container,230.0,32.2,10.8,19.0,52030.0,0.6505,0.66,0.9849,0.83,12.34,,Diesel,2002,SIMMAN 2015,Model tests,IGES (SIMMAN),"{""Fn"": [0.05, 0.1, 0.15, 0.2, 0.25, 0.3, 0.35], ""Resistance_N"": [2913680, 3277890, 3642100, 4006310, 4370520, 4734730, 5098940]}"
KVLCC2,Tanker,320.0,58.0,20.8,30.0,312622.0,0.8098,0.82,0.998,0.88,15.5,,Diesel,2000,SIMMAN / DTMB,Model tests,IGES,"{""Fn"": [0.05, 0.1, 0.15, 0.2, 0.25, 0.3, 0.35], ""Resistance_N"": [17506832, 19695186, 21883540, 24071894, 26260248, 28448602, 30636955]}"
DTMB 5415,Naval combatant,142.0,17.983,6.179,,12901.6,0.506,0.55,,0.778,10.0,,Diesel,1970,DTMB,Model tests,IGES,"{""Fn"": [0.05, 0.1, 0.15, 0.2, 0.25, 0.3, 0.35], ""Resistance_N"": [722489, 812800, 903112, 993423, 1083734, 1174045, 1264356]}"
Emma Maersk (approx),Container,376.0,56.4,15.5,30.2,221605.0,0.68,0.7,0.98,0.84,13.1,157000.0,Wärtsilä-Sulzer RTA96-C,2006,Public specs,Design spec,,"{""Fn"": [0.05, 0.1, 0.15, 0.2, 0.25, 0.3, 0.35], ""Resistance_N"": [12409880, 13961115, 15512350, 17063585, 18614820, 20166055, 21717290]}"
Symphony of the Seas (approx),Cruise ship,361.8,47.448,9.322,,100000.0,0.55,0.6,0.98,0.78,11.3,18095.0,Diesel-electric,2018,RCCL / public,Builder spec,,"{""Fn"": [0.05, 0.1, 0.15, 0.2, 0.25, 0.3, 0.35], ""Resistance_N"": [5600000, 6300000, 7000000, 7700000, 8400000, 9100000, 9800000]}"
BUL_0001,Bulk carrier,125.25,30.93,11.57,26.2,29085.0,0.721,0.787,0.863,0.735,5.221,95268.0,Hybrid,2002,ShipD (MIT),Measured,Parametric (NURBS),"{""Fn"": [0.05, 0.1, 0.15, 0.2, 0.25, 0.3, 0.35], ""Resistance_N"": [1221570, 1366995, 1512419, 1657845, 1803269, 1948695, 2094120]}"
FIS_0002,Fishing,42.27,10.29,2.75,7.22,811.7,0.754,0.725,0.913,0.689,5.223,765.0,Diesel,1976,SIMMAN,Model tests,None,
NAV_0003,Naval combatant,156.41,20.07,8.38,13.36,19863.7,0.839,0.838,0.933,0.865,16.043,13202.0,Diesel-electric,2006,Open dataset,Model tests,Mesh available (OBJ),
CRU_0004,Cruise ship,312.34,61.41,9.14,33.0,94984.3,0.602,0.611,0.975,0.652,9.991,21754.0,Electric,2014,Open dataset,Model tests,STL,
TAN_0005,Tanker,268.19,31.75,15.86,16.75,99665.7,0.82,0.859,0.883,0.704,7.516,34612.0,Diesel,2022,Public spec,Calculated from geometry,None,"{""Fn"": [0.05, 0.1, 0.15, 0.2, 0.25, 0.3, 0.35], ""Resistance_N"": [4185959, 4684287, 5182616, 5680944, 6179273, 6677601, 7175930]}"
BUL_0006,Bulk carrier,164.31,62.32,22.02,16.92,144487.8,0.712,0.713,0.987,0.747,5.826,106184.0,Hybrid,2005,Public spec,Measured,IGES,"{""Fn"": [0.05, 0.1, 0.15, 0.2, 0.25, 0.3, 0.35], ""Resistance_N"": [6068487, 6790926, 7513365, 8235804, 8958243, 9680682, 10403121]}"
OTH_0007,Other,131.83,14.87,19.95,16.76,17105.9,0.486,0.442,0.866,0.801,9.005,42244.0,Nuclear,1974,SIMMAN,Measured,IGES,"{""Fn"": [0.05, 0.1, 0.15, 0.2, 0.25, 0.3, 0.35], ""Resistance_N"": [718447, 803977, 889506, 975036, 1060565, 1146095, 1231624]}"
FIS_0008,Fishing,31.34,11.75,5.74,6.08,943.6,0.496,0.561,0.963,0.846,5.866,300.0,Nuclear,1980,ShipD (MIT),Estimated,STL,
TAN_0009,Tanker,261.84,25.11,18.63,31.04,71986.5,0.653,0.629,0.906,0.652,8.088,415870.0,Hybrid,1970,Public spec,Calculated from geometry,Mesh available (OBJ),
BUL_0010,Bulk carrier,315.11,59.3,21.31,16.77,169513.4,0.473,0.537,0.992,0.627,6.395,36992.0,Hybrid,2018,DSYHS (Delft),Design spec,IGES,
FIS_0011,Fishing,25.73,11.39,4.23,7.79,917.1,0.822,0.87,0.953,0.828,6.168,674.0,Nuclear,1993,MARIN paper,Calculated from geometry,Mesh available (OBJ),"{""Fn"": [0.05, 0.1, 0.15, 0.2, 0.25, 0.3, 0.35], ""Resistance_N"": [38518, 43103, 47689, 52274, 56860, 61445, 66031]}"
CRU_0012,Cruise ship,197.19,35.52,8.47,23.45,28725.4,0.538,0.497,0.945,0.673,11.123,26490.0,Hybrid,1974,DSYHS (Delft),Estimated,IGES,
CRU_0013,Cruise ship,263.24,50.93,9.21,28.64,60787.6,0.547,0.558,0.911,0.63,10.616,13857.0,Nuclear,1996,Open dataset,Model tests,Mesh available (OBJ),
CON_0014,Container,220.79,32.25,14.76,17.72,49753.5,0.526,0.534,0.913,0.689,9.388,185420.0,Hybrid,1998,ShipD (MIT),Model tests,STL,"{""Fn"": [0.05, 0.1, 0.15, 0.2, 0.25, 0.3, 0.35], ""Resistance_N"": [2089646, 2338414, 2587181, 2835949, 3084716, 3333484, 3582252]}"
CON_0015,Container,390.7,56.91,14.64,15.83,188669.4,0.644,0.622,0.91,0.619,9.986,197208.0,Nuclear,1986,Public spec,Calculated from geometry,STL,"{""Fn"": [0.05, 0.1, 0.15, 0.2, 0.25, 0.3, 0.35], ""Resistance_N"": [7924114, 8867461, 9810808, 10754155, 11697502, 12640849, 13584196]}"
OFF_0016,Offshore supply,60.84,16.15,6.87,7.9,4052.2,0.667,0.714,0.859,0.787,6.697,5145.0,Diesel,1980,MARIN paper,Model tests,Parametric (NURBS),"{""Fn"": [0.05, 0.1, 0.15, 0.2, 0.25, 0.3, 0.35], ""Resistance_N"": [170192, 190453, 210714, 230975, 251236, 271497, 291758]}"
BUL_0017,Bulk carrier,244.96,49.73,11.76,12.64,103919.8,0.806,0.788,0.939,0.798,6.223,237632.0,Gas Turbine,2003,Public spec,Design spec,None,"{""Fn"": [0.05, 0.1, 0.15, 0.2, 0.25, 0.3, 0.35], ""Resistance_N"": [4364631, 4884230, 5403829, 5923428, 6443027, 6962626, 7482225]}"
CRU_0018,Cruise ship,205.78,27.24,8.61,26.86,35704.9,0.822,0.894,0.851,0.799,10.419,7499.0,Diesel-electric,2004,MARIN paper,Estimated,Parametric (NURBS),
NAV_0019,Naval combatant,186.9,20.79,6.22,9.58,17031.7,0.783,0.824,0.942,0.916,16.225,2101.0,Hybrid,2022,Public spec,Model tests,Parametric (NURBS),"{""Fn"": [0.05, 0.1, 0.15, 0.2, 0.25, 0.3, 0.35], ""Resistance_N"": [715331, 800489, 885648, 970806, 1055965, 1141123, 1226282]}"
FER_0020,Ferry,67.31,12.78,5.54,6.18,2968.0,0.692,0.735,0.881,0.803,7.803,3959.0,Diesel,2024,ShipD (MIT),Calculated from geometry,None,"{""Fn"": [0.05, 0.1, 0.15, 0.2, 0.25, 0.3, 0.35], ""Resistance_N"": [124655, 139496, 154336, 169176, 184015, 198856, 213696]}"
CON_0021,Container,101.06,50.39,12.73,18.02,43524.5,0.746,0.768,0.914,0.603,8.579,177790.0,Hybrid,1979,ShipD (MIT),Estimated,STL,
FIS_0022,Fishing,24.63,5.78,2.89,7.39,284.4,0.768,0.83,0.985,0.667,5.399,111.0,Hybrid,2019,SIMMAN,Measured,Parametric (NURBS),"{""Fn"": [0.05, 0.1, 0.15, 0.2, 0.25, 0.3, 0.35], ""Resistance_N"": [11944, 13366, 14788, 16210, 17632, 19054, 20476]}"
CRU_0023,Cruise ship,331.57,61.05,9.03,33.22,75674.4,0.46,0.506,0.9,0.898,10.911,26601.0,Diesel-electric,2021,Public spec,Design spec,Mesh available (OBJ),"{""Fn"": [0.05, 0.1, 0.15, 0.2, 0.25, 0.3, 0.35], ""Resistance_N"": [3178324, 3556696, 3935068, 4313440, 4691812, 5070184, 5448556]}"
RO-_0024,RO-RO,220.83,33.17,6.11,16.17,25537.4,0.634,0.624,0.969,0.673,7.275,13201.0,Gas Turbine,1991,ShipD (MIT),Estimated,None,"{""Fn"": [0.05, 0.1, 0.15, 0.2, 0.25, 0.3, 0.35], ""Resistance_N"": [1072570, 1200257, 1327944, 1455631, 1583318, 1711005, 1838692]}"
FIS_0025,Fishing,40.98,17.74,3.91,7.64,1268.9,0.496,0.572,0.877,0.908,5.481,117.0,Gas Turbine,1997,Open dataset,Estimated,IGES,"{""Fn"": [0.05, 0.1, 0.15, 0.2, 0.25, 0.3, 0.35], ""Resistance_N"": [53293, 59638, 65982, 72327, 78671, 85016, 91360]}"
OTH_0026,Other,295.59,10.2,18.14,8.13,23036.5,0.468,0.475,0.928,0.858,8.356,94029.0,Electric,2017,DSYHS (Delft),Estimated,IGES,
BUL_0027,Bulk carrier,319.26,61.28,17.97,24.59,158206.3,0.5,0.567,0.926,0.813,5.983,281911.0,Diesel-electric,2005,DSYHS (Delft),Calculated from geometry,IGES,"{""Fn"": [0.05, 0.1, 0.15, 0.2, 0.25, 0.3, 0.35], ""Resistance_N"": [6644664, 7435696, 8226727, 9017759, 9808790, 10599822, 11390853]}"
TAN_0028,Tanker,287.72,34.45,17.31,10.01,87246.4,0.565,0.571,0.937,0.81,6.58,204550.0,Hybrid,1983,SIMMAN,Design spec,Mesh available (OBJ),
FER_0029,Ferry,127.32,26.46,4.34,10.55,9869.2,0.75,0.787,0.884,0.664,6.324,2034.0,Hybrid,2000,ShipD (MIT),Calculated from geometry,IGES,
OTH_0030,Other,74.44,36.34,10.65,9.59,18461.3,0.712,0.663,0.963,0.846,4.774,42543.0,Electric,1981,MARIN paper,Calculated from geometry,Mesh available (OBJ),"{""Fn"": [0.05, 0.1, 0.15, 0.2, 0.25, 0.3, 0.35], ""Resistance_N"": [775374, 867681, 959987, 1052294, 1144600, 1236907, 1329213]}"
FIS_0031,Fishing,31.2,15.88,3.55,6.81,1135.0,0.717,0.795,0.939,0.904,8.701,616.0,Hybrid,2016,SIMMAN,Measured,IGES,
TAN_0032,Tanker,318.48,42.78,12.41,16.18,107281.9,0.705,0.755,0.928,0.801,5.992,44092.0,Diesel-electric,1988,Public spec,Estimated,None,"{""Fn"": [0.05, 0.1, 0.15, 0.2, 0.25, 0.3, 0.35], ""Resistance_N"": [4505839, 5042249, 5578658, 6115068, 6651477, 7187887, 7724296]}"
FIS_0033,Fishing,20.24,6.11,3.22,2.92,192.1,0.536,0.54,0.9,0.749,4.436,834.0,Hybrid,1994,Open dataset,Model tests,STL,"{""Fn"": [0.05, 0.1, 0.15, 0.2, 0.25, 0.3, 0.35], ""Resistance_N"": [8068, 9028, 9989, 10949, 11910, 12870, 13831]}"
RO-_0034,RO-RO,161.55,34.85,6.49,11.9,26538.1,0.807,0.866,0.931,0.835,9.671,54073.0,Diesel-electric,2001,Public spec,Calculated from geometry,IGES,
CON_0035,Container,216.66,46.09,14.18,28.66,100167.5,0.786,0.856,0.997,0.771,12.43,122459.0,Diesel,2012,ShipD (MIT),Calculated from geometry,Parametric (NURBS),
OFF_0036,Offshore supply,62.72,15.64,4.31,7.27,2226.0,0.585,0.649,0.892,0.904,6.446,5042.0,Diesel,2000,Open dataset,Measured,Mesh available (OBJ),
NAV_0037,Naval combatant,114.66,12.69,9.74,8.4,5892.7,0.462,0.444,0.976,0.799,14.088,8156.0,Hybrid,1977,DSYHS (Delft),Calculated from geometry,None,"{""Fn"": [0.05, 0.1, 0.15, 0.2, 0.25, 0.3, 0.35], ""Resistance_N"": [247493, 276956, 306420, 335883, 365347, 394810, 424274]}"
NAV_0038,Naval combatant,108.46,18.07,8.49,9.15,11650.8,0.778,0.853,0.866,0.608,14.466,10805.0,Nuclear,1994,Open dataset,Design spec,Mesh available (OBJ),"{""Fn"": [0.05, 0.1, 0.15, 0.2, 0.25, 0.3, 0.35], ""Resistance_N"": [489333, 547587, 605841, 664095, 722349, 780603, 838857]}"
OTH_0039,Other,213.37,33.23,3.39,23.86,17089.6,0.79,0.818,0.868,0.915,8.947,34753.0,Electric,1997,Public spec,Model tests,STL,
NAV_0040,Naval combatant,91.39,16.2,6.94,12.34,5502.2,0.595,0.661,0.919,0.649,13.767,8782.0,Gas Turbine,2011,MARIN paper,Measured,IGES,"{""Fn"": [0.05, 0.1, 0.15, 0.2, 0.25, 0.3, 0.35], ""Resistance_N"": [231092, 258603, 286114, 313625, 341136, 368647, 396158]}"
OFF_0041,Offshore supply,80.49,22.23,4.07,9.26,5125.4,0.782,0.743,0.982,0.678,6.579,3739.0,Gas Turbine,1994,ShipD (MIT),Calculated from geometry,None,"{""Fn"": [0.05, 0.1, 0.15, 0.2, 0.25, 0.3, 0.35], ""Resistance_N"": [215266, 240893, 266520, 292147, 317774, 343401, 369028]}"
TAN_0042,Tanker,257.01,37.03,12.39,16.99,73014.0,0.688,0.752,0.933,0.765,5.734,116196.0,Nuclear,1996,MARIN paper,Design spec,IGES,"{""Fn"": [0.05, 0.1, 0.15, 0.2, 0.25, 0.3, 0.35], ""Resistance_N"": [3066588, 3431658, 3796727, 4161798, 4526867, 4891938, 5257008]}"
OFF_0043,Offshore supply,81.37,12.24,4.18,7.02,2049.5,0.547,0.583,0.905,0.777,6.206,5980.0,Gas Turbine,2005,Public spec,Calculated from geometry,None,"{""Fn"": [0.05, 0.1, 0.15, 0.2, 0.25, 0.3, 0.35], ""Resistance_N"": [86079, 96326, 106573, 116821, 127068, 137316, 147564]}"
FER_0044,Ferry,87.71,13.14,3.56,4.96,2451.9,0.664,0.713,0.878,0.669,9.162,5824.0,Hybrid,2018,MARIN paper,Estimated,Mesh available (OBJ),
CRU_0045,Cruise ship,212.21,36.44,7.76,30.62,27057.4,0.501,0.457,0.858,0.693,11.203,20946.0,Nuclear,2018,ShipD (MIT),Model tests,STL,"{""Fn"": [0.05, 0.1, 0.15, 0.2, 0.25, 0.3, 0.35], ""Resistance_N"": [1136410, 1271697, 1406984, 1542271, 1677558, 1812845, 1948132]}"
FER_0046,Ferry,120.41,21.45,3.51,4.41,6739.4,0.826,0.838,0.973,0.728,6.631,5072.0,Diesel-electric,1973,DSYHS (Delft),Measured,None,
BUL_0047,Bulk carrier,328.72,23.57,20.23,23.34,108057.0,0.766,0.745,0.928,0.744,6.283,345464.0,Gas Turbine,1997,MARIN paper,Measured,Mesh available (OBJ),"{""Fn"": [0.05, 0.1, 0.15, 0.2, 0.25, 0.3, 0.35], ""Resistance_N"": [4538394, 5078679, 5618963, 6159249, 6699533, 7239819, 7780104]}"
OTH_0048,Other,288.83,9.47,15.61,19.89,21365.5,0.556,0.517,0.886,0.777,5.082,40881.0,Hybrid,2014,SIMMAN,Estimated,Mesh available (OBJ),
CRU_0049,Cruise ship,210.5,33.31,9.15,21.07,31353.8,0.543,0.527,0.969,0.789,10.914,9945.0,Hybrid,1977,DSYHS (Delft),Design spec,None,
TAN_0050,Tanker,157.14,27.96,13.23,28.72,35469.6,0.678,0.666,0.869,0.82,7.304,424777.0,Hybrid,2002,SIMMAN,Calculated from geometry,Mesh available (OBJ),"{""Fn"": [0.05, 0.1, 0.15, 0.2, 0.25, 0.3, 0.35], ""Resistance_N"": [1489723, 1667071, 1844419, 2021767, 2199115, 2376463, 2553811]}"
OTH_0051,Other,31.16,24.44,7.46,9.76,2490.1,0.487,0.562,0.975,0.784,9.985,99957.0,Gas Turbine,2013,MARIN paper,Model tests,Parametric (NURBS),
OFF_0052,Offshore supply,86.33,18.19,4.11,9.98,3624.6,0.624,0.68,0.995,0.75,6.405,2062.0,Diesel-electric,1976,Public spec,Calculated from geometry,IGES,
FER_0053,Ferry,149.39,20.41,6.68,4.29,8890.5,0.485,0.468,0.867,0.847,11.513,6616.0,Electric,1970,MARIN paper,Calculated from geometry,IGES,
CON_0054,Container,156.27,33.19,13.81,26.38,48606.1,0.754,0.73,0.932,0.897,10.26,142667.0,Diesel,1977,Open dataset,Measured,Parametric (NURBS),
TAN_0055,Tanker,214.58,20.66,14.94,15.62,46912.4,0.787,0.752,0.992,0.807,5.62,420367.0,Hybrid,1988,Open dataset,Estimated,IGES,
OFF_0056,Offshore supply,118.62,15.41,5.21,6.92,7019.8,0.819,0.835,0.982,0.876,5.997,4782.0,Gas Turbine,1996,MARIN paper,Estimated,Mesh available (OBJ),
FER_0057,Ferry,158.91,31.77,5.69,9.28,20579.6,0.796,0.804,0.923,0.706,10.883,3079.0,Diesel-electric,1990,Open dataset,Design spec,STL,"{""Fn"": [0.05, 0.1, 0.15, 0.2, 0.25, 0.3, 0.35], ""Resistance_N"": [864343, 967241, 1070139, 1173037, 1275935, 1378833, 1481731]}"
RO-_0058,RO-RO,125.03,31.51,5.22,15.45,13548.4,0.732,0.787,0.908,0.812,9.736,58887.0,Diesel,2001,DSYHS (Delft),Measured,STL,"{""Fn"": [0.05, 0.1, 0.15, 0.2, 0.25, 0.3, 0.35], ""Resistance_N"": [569032, 636774, 704516, 772258, 840000, 907742, 975484]}"
NAV_0059,Naval combatant,185.67,20.74,6.64,13.26,14566.8,0.633,0.677,0.911,0.81,13.655,8103.0,Gas Turbine,1986,MARIN paper,Calculated from geometry,Mesh available (OBJ),"{""Fn"": [0.05, 0.1, 0.15, 0.2, 0.25, 0.3, 0.35], ""Resistance_N"": [611805, 684639, 757473, 830307, 903141, 975975, 1048809]}"
NAV_0060,Naval combatant,183.76,20.59,6.28,11.17,15760.8,0.737,0.786,0.981,0.611,13.213,10205.0,Diesel-electric,1988,Open dataset,Model tests,IGES,"{""Fn"": [0.05, 0.1, 0.15, 0.2, 0.25, 0.3, 0.35], ""Resistance_N"": [661953, 740757, 819561, 898365, 977169, 1055973, 1134777]}"
BUL_0061,Bulk carrier,279.68,51.08,9.61,13.66,70429.2,0.57,0.524,0.899,0.618,6.066,177967.0,Hybrid,1985,SIMMAN,Measured,Parametric (NURBS),"{""Fn"": [0.05, 0.1, 0.15, 0.2, 0.25, 0.3, 0.35], ""Resistance_N"": [2958026, 3310172, 3662318, 4014464, 4366610, 4718756, 5070902]}"
TAN_0062,Tanker,182.02,49.26,14.5,27.08,75939.7,0.649,0.675,0.885,0.804,6.563,303409.0,Nuclear,2021,Public spec,Measured,Parametric (NURBS),"{""Fn"": [0.05, 0.1, 0.15, 0.2, 0.25, 0.3, 0.35], ""Resistance_N"": [3189467, 3569165, 3948864, 4328562, 4708261, 5087959, 5467658]}"
BUL_0063,Bulk carrier,212.76,34.24,17.4,24.06,70730.6,0.62,0.603,0.977,0.664,6.134,198451.0,Nuclear,1985,MARIN paper,Estimated,STL,
FER_0064,Ferry,198.9,17.68,7.88,9.27,13966.1,0.56,0.584,0.953,0.838,6.476,4890.0,Gas Turbine,2001,DSYHS (Delft),Measured,None,"{""Fn"": [0.05, 0.1, 0.15, 0.2, 0.25, 0.3, 0.35], ""Resistance_N"": [586576, 656406, 726237, 796067, 865898, 935728, 1005559]}"
CRU_0065,Cruise ship,283.69,46.84,8.69,30.81,74203.0,0.714,0.773,0.944,0.889,10.59,12723.0,Diesel,1998,MARIN paper,Estimated,Parametric (NURBS),"{""Fn"": [0.05, 0.1, 0.15, 0.2, 0.25, 0.3, 0.35], ""Resistance_N"": [3116526, 3487541, 3858555, 4229571, 4600585, 4971601, 5342616]}"
BUL_0066,Bulk carrier,311.02,33.36,14.65,14.42,104654.0,0.765,0.829,0.905,0.761,5.845,74172.0,Nuclear,2022,Public spec,Estimated,Mesh available (OBJ),
OFF_0067,Offshore supply,117.4,13.97,6.87,9.3,7504.0,0.74,0.817,0.995,0.857,6.273,4785.0,Gas Turbine,1970,MARIN paper,Model tests,IGES,"{""Fn"": [0.05, 0.1, 0.15, 0.2, 0.25, 0.3, 0.35], ""Resistance_N"": [315168, 352688, 390207, 427728, 465247, 502768, 540288]}"
NAV_0068,Naval combatant,164.01,18.72,7.51,16.22,17141.1,0.826,0.79,0.885,0.608,17.41,9298.0,Diesel-electric,2009,Open dataset,Model tests,IGES,
FER_0069,Ferry,147.39,13.03,2.75,4.3,4030.7,0.848,0.813,0.885,0.772,8.573,3030.0,Electric,2017,MARIN paper,Calculated from geometry,STL,"{""Fn"": [0.05, 0.1, 0.15, 0.2, 0.25, 0.3, 0.35], ""Resistance_N"": [169289, 189442, 209596, 229749, 249903, 270056, 290210]}"
TAN_0070,Tanker,352.5,51.44,22.17,25.39,298846.6,0.826,0.812,0.954,0.67,6.517,113889.0,Diesel,1993,Open dataset,Estimated,STL,
NAV_0071,Naval combatant,96.66,14.76,9.81,17.49,9825.2,0.78,0.742,0.882,0.805,17.857,2657.0,Diesel-electric,1991,DSYHS (Delft),Measured,Parametric (NURBS),
BUL_0072,Bulk carrier,294.26,44.05,17.38,27.89,110095.4,0.543,0.594,0.968,0.791,5.858,393770.0,Hybrid,1978,Public spec,Design spec,Mesh available (OBJ),"{""Fn"": [0.05, 0.1, 0.15, 0.2, 0.25, 0.3, 0.35], ""Resistance_N"": [4624006, 5174483, 5724960, 6275437, 6825914, 7376391, 7926868]}"
CON_0073,Container,139.54,33.05,14.1,25.54,26686.8,0.456,0.44,0.869,0.735,8.757,22076.0,Gas Turbine,1998,MARIN paper,Measured,Mesh available (OBJ),"{""Fn"": [0.05, 0.1, 0.15, 0.2, 0.25, 0.3, 0.35], ""Resistance_N"": [1120845, 1254279, 1387713, 1521147, 1654581, 1788015, 1921449]}"
OFF_0074,Offshore supply,85.27,25.24,3.17,8.92,4893.8,0.797,0.815,0.919,0.908,5.332,2978.0,Nuclear,1995,Open dataset,Model tests,IGES,
OFF_0075,Offshore supply,55.14,13.13,5.43,5.33,1981.4,0.56,0.592,0.932,0.704,8.215,3277.0,Hybrid,1999,MARIN paper,Calculated from geometry,Mesh available (OBJ),
BUL_0076,Bulk carrier,299.09,48.59,20.3,25.86,142315.5,0.536,0.545,0.884,0.708,6.311,172235.0,Gas Turbine,1976,SIMMAN,Estimated,None,
NAV_0077,Naval combatant,194.9,18.87,6.85,8.91,10973.9,0.484,0.49,0.962,0.719,13.53,2779.0,Hybrid,2005,Public spec,Model tests,IGES,
NAV_0078,Naval combatant,186.1,21.41,6.54,17.16,11046.0,0.471,0.458,0.897,0.633,15.471,4011.0,Diesel-electric,2000,ShipD (MIT),Estimated,STL,"{""Fn"": [0.05, 0.1, 0.15, 0.2, 0.25, 0.3, 0.35], ""Resistance_N"": [463931, 519162, 574392, 629622, 684851, 740082, 795312]}"
NAV_0079,Naval combatant,102.64,14.79,5.36,12.29,4935.7,0.674,0.724,0.943,0.816,15.725,9916.0,Electric,2012,Public spec,Model tests,Parametric (NURBS),"{""Fn"": [0.05, 0.1, 0.15, 0.2, 0.25, 0.3, 0.35], ""Resistance_N"": [207299, 231977, 256656, 281334, 306013, 330691, 355370]}"
FER_0080,Ferry,155.4,18.03,4.37,4.05,8793.7,0.798,0.822,0.91,0.645,10.082,342.0,Hybrid,2017,DSYHS (Delft),Calculated from geometry,IGES,"{""Fn"": [0.05, 0.1, 0.15, 0.2, 0.25, 0.3, 0.35], ""Resistance_N"": [369335, 413303, 457272, 501240, 545209, 589177, 633146]}"
OFF_0081,Offshore supply,73.86,17.18,5.89,8.88,4553.9,0.677,0.638,0.858,0.65,7.051,4109.0,Nuclear,1987,Open dataset,Calculated from geometry,IGES,
OTH_0082,Other,143.77,17.29,15.47,6.07,21527.1,0.622,0.609,0.952,0.756,8.234,4589.0,Hybrid,1995,ShipD (MIT),Model tests,Parametric (NURBS),
FER_0083,Ferry,191.8,29.95,6.7,6.32,17250.1,0.498,0.513,0.915,0.641,9.461,1917.0,Electric,2005,Public spec,Model tests,IGES,"{""Fn"": [0.05, 0.1, 0.15, 0.2, 0.25, 0.3, 0.35], ""Resistance_N"": [724504, 810754, 897005, 983255, 1069506, 1155756, 1242007]}"
CON_0084,Container,230.87,37.31,7.7,19.2,37129.3,0.622,0.625,0.946,0.693,10.106,193577.0,Hybrid,1980,SIMMAN,Estimated,Mesh available (OBJ),"{""Fn"": [0.05, 0.1, 0.15, 0.2, 0.25, 0.3, 0.35], ""Resistance_N"": [1559430, 1745077, 1930723, 2116370, 2302016, 2487663, 2673309]}"
RO-_0085,RO-RO,216.67,20.87,7.94,13.24,19646.6,0.608,0.598,0.901,0.707,7.721,31608.0,Hybrid,1977,MARIN paper,Design spec,None,"{""Fn"": [0.05, 0.1, 0.15, 0.2, 0.25, 0.3, 0.35], ""Resistance_N"": [825157, 923390, 1021623, 1119856, 1218089, 1316322, 1414555]}"
NAV_0086,Naval combatant,170.01,20.19,8.89,10.36,13978.9,0.509,0.485,0.94,0.843,16.233,4302.0,Electric,2019,SIMMAN,Calculated from geometry,STL,"{""Fn"": [0.05, 0.1, 0.15, 0.2, 0.25, 0.3, 0.35], ""Resistance_N"": [587113, 657008, 726902, 796797, 866691, 936586, 1006480]}"
OTH_0087,Other,145.69,46.59,11.94,20.15,51058.4,0.7,0.762,0.944,0.648,4.537,44248.0,Gas Turbine,1989,MARIN paper,Model tests,None,
FIS_0088,Fishing,19.82,10.46,1.67,4.21,176.1,0.565,0.599,0.997,0.629,7.172,390.0,Hybrid,2007,Open dataset,Model tests,IGES,
OTH_0089,Other,202.51,19.47,10.3,7.07,17361.4,0.475,0.438,0.985,0.71,8.525,50479.0,Diesel,1981,DSYHS (Delft),Calculated from geometry,IGES,
FIS_0090,Fishing,48.98,6.22,3.18,3.7,535.4,0.614,0.608,0.94,0.853,7.446,75.0,Hybrid,1976,Open dataset,Calculated from geometry,None,"{""Fn"": [0.05, 0.1, 0.15, 0.2, 0.25, 0.3, 0.35], ""Resistance_N"": [22486, 25163, 27840, 30517, 33194, 35871, 38548]}"
FER_0091,Ferry,158.56,27.07,7.48,10.99,16845.9,0.583,0.609,0.871,0.712,12.147,5617.0,Diesel-electric,1995,MARIN paper,Model tests,None,"{""Fn"": [0.05, 0.1, 0.15, 0.2, 0.25, 0.3, 0.35], ""Resistance_N"": [707527, 791757, 875986, 960216, 1044445, 1128675, 1212904]}"
FIS_0092,Fishing,39.48,15.08,5.16,6.02,2162.1,0.782,0.828,0.953,0.768,7.439,429.0,Diesel,1993,Public spec,Estimated,Parametric (NURBS),
CRU_0093,Cruise ship,221.76,52.65,7.48,35.0,40243.5,0.512,0.5,0.968,0.762,10.371,23466.0,Diesel,2003,Open dataset,Estimated,STL,
TAN_0094,Tanker,283.34,27.4,11.07,27.32,54143.5,0.7,0.767,0.958,0.614,6.269,326617.0,Hybrid,1998,Public spec,Calculated from geometry,Parametric (NURBS),
FIS_0095,Fishing,30.55,17.52,5.03,7.42,1279.4,0.528,0.566,0.936,0.741,8.074,780.0,Hybrid,2002,SIMMAN,Design spec,Parametric (NURBS),
OTH_0096,Other,58.75,16.25,13.36,26.6,7714.0,0.672,0.635,0.977,0.872,5.875,76323.0,Nuclear,1987,MARIN paper,Design spec,IGES,"{""Fn"": [0.05, 0.1, 0.15, 0.2, 0.25, 0.3, 0.35], ""Resistance_N"": [323988, 362558, 401127, 439698, 478267, 516838, 555408]}"
BUL_0097,Bulk carrier,318.75,28.44,15.22,17.69,57245.0,0.461,0.418,0.925,0.675,7.703,156215.0,Gas Turbine,1971,ShipD (MIT),Estimated,Parametric (NURBS),
TAN_0098,Tanker,149.19,64.04,16.03,30.78,103929.4,0.754,0.765,0.942,0.89,5.203,104888.0,Hybrid,1979,Open dataset,Measured,STL,"{""Fn"": [0.05, 0.1, 0.15, 0.2, 0.25, 0.3, 0.35], ""Resistance_N"": [4365034, 4884681, 5404328, 5923975, 6443622, 6963269, 7482916]}"
RO-_0099,RO-RO,106.68,21.76,6.51,8.48,8405.3,0.618,0.671,0.919,0.635,9.996,36610.0,Electric,1971,MARIN paper,Measured,Parametric (NURBS),"{""Fn"": [0.05, 0.1, 0.15, 0.2, 0.25, 0.3, 0.35], ""Resistance_N"": [353022, 395049, 437075, 479102, 521128, 563155, 605181]}"
TAN_0100,Tanker,209.91,20.08,14.0,24.27,27882.2,0.525,0.562,0.929,0.715,8.087,249396.0,Hybrid,2020,MARIN paper,Model tests,IGES,"{""Fn"": [0.05, 0.1, 0.15, 0.2, 0.25, 0.3, 0.35], ""Resistance_N"": [1171052, 1310463, 1449874, 1589285, 1728696, 1868107, 2007518]}"
OFF_0101,Offshore supply,53.05,17.42,4.49,8.74,2214.5,0.593,0.552,0.886,0.81,5.464,3575.0,Gas Turbine,2018,DSYHS (Delft),Model tests,None,"{""Fn"": [0.05, 0.1, 0.15, 0.2, 0.25, 0.3, 0.35], ""Resistance_N"": [93009, 104081, 115153, 126226, 137298, 148371, 159444]}"
FIS_0102,Fishing,37.01,13.0,5.24,6.11,1910.5,0.842,0.854,0.877,0.643,7.799,944.0,Gas Turbine,1972,DSYHS (Delft),Model tests,Parametric (NURBS),
CON_0103,Container,194.68,31.02,10.58,30.75,36744.5,0.639,0.594,0.947,0.692,12.223,19082.0,Gas Turbine,2011,Public spec,Model tests,None,"{""Fn"": [0.05, 0.1, 0.15, 0.2, 0.25, 0.3, 0.35], ""Resistance_N"": [1543269, 1726991, 1910713, 2094436, 2278158, 2461881, 2645604]}"
RO-_0104,RO-RO,223.42,30.87,9.47,11.87,49318.9,0.839,0.854,0.925,0.896,8.805,48466.0,Nuclear,2016,ShipD (MIT),Calculated from geometry,STL,
TAN_0105,Tanker,270.91,35.42,9.36,26.52,46317.7,0.573,0.601,0.914,0.821,6.23,28636.0,Hybrid,1992,SIMMAN,Estimated,Mesh available (OBJ),
BUL_0106,Bulk carrier,260.95,37.09,16.21,26.5,72577.6,0.514,0.468,0.977,0.817,6.272,59229.0,Electric,1985,Public spec,Estimated,IGES,"{""Fn"": [0.05, 0.1, 0.15, 0.2, 0.25, 0.3, 0.35], ""Resistance_N"": [3048259, 3411147, 3774035, 4136923, 4499811, 4862699, 5225587]}"
OTH_0107,Other,29.07,11.9,9.82,13.02,1920.0,0.628,0.588,0.871,0.717,6.056,27905.0,Diesel,1977,Open dataset,Design spec,IGES,"{""Fn"": [0.05, 0.1, 0.15, 0.2, 0.25, 0.3, 0.35], ""Resistance_N"": [80640, 90240, 99839, 109440, 119039, 128640, 138240]}"
FIS_0108,Fishing,40.15,11.86,2.68,3.56,722.4,0.629,0.709,0.893,0.893,6.643,131.0,Diesel,2024,SIMMAN,Design spec,IGES,
BUL_0109,Bulk carrier,290.21,63.48,23.79,24.69,289522.5,0.734,0.755,0.894,0.696,5.55,286729.0,Electric,2014,DSYHS (Delft),Estimated,STL,"{""Fn"": [0.05, 0.1, 0.15, 0.2, 0.25, 0.3, 0.35], ""Resistance_N"": [12159945, 13607557, 15055169, 16502782, 17950394, 19398007, 20845620]}"
CRU_0110,Cruise ship,175.49,30.04,7.35,31.86,16076.2,0.461,0.483,0.905,0.857,10.395,20298.0,Diesel,1975,Public spec,Calculated from geometry,IGES,"{""Fn"": [0.05, 0.1, 0.15, 0.2, 0.25, 0.3, 0.35], ""Resistance_N"": [675200, 755581, 835962, 916343, 996724, 1077105, 1157486]}"
FIS_0111,Fishing,41.7,9.73,4.09,2.75,861.8,0.577,0.537,0.92,0.766,4.776,830.0,Electric,2005,MARIN paper,Design spec,Parametric (NURBS),"{""Fn"": [0.05, 0.1, 0.15, 0.2, 0.25, 0.3, 0.35], ""Resistance_N"": [36195, 40504, 44813, 49122, 53431, 57740, 62049]}"
RO-_0112,RO-RO,165.43,33.36,9.16,13.18,26024.0,0.572,0.543,0.99,0.672,10.127,32096.0,Diesel,1988,Public spec,Design spec,STL,"{""Fn"": [0.05, 0.1, 0.15, 0.2, 0.25, 0.3, 0.35], ""Resistance_N"": [1093008, 1223128, 1353247, 1483368, 1613487, 1743608, 1873728]}"
FER_0113,Ferry,68.78,17.87,5.43,8.02,3105.4,0.517,0.589,0.873,0.811,10.622,4880.0,Hybrid,2023,ShipD (MIT),Model tests,Mesh available (OBJ),
CON_0114,Container,384.56,50.38,9.38,16.85,111054.8,0.679,0.709,0.855,0.884,10.757,131962.0,Nuclear,1989,DSYHS (Delft),Calculated from geometry,None,
OFF_0115,Offshore supply,55.11,12.84,4.76,7.42,1612.7,0.532,0.561,0.897,0.83,7.411,5192.0,Diesel-electric,1995,Public spec,Measured,STL,
BUL_0116,Bulk carrier,187.01,39.92,12.28,15.45,40346.4,0.489,0.477,0.908,0.797,5.783,347469.0,Gas Turbine,1980,MARIN paper,Estimated,Parametric (NURBS),
TAN_0117,Tanker,259.58,44.71,16.48,17.71,79011.1,0.459,0.532,0.926,0.909,5.809,165273.0,Gas Turbine,1973,SIMMAN,Measured,IGES,
FER_0118,Ferry,130.5,32.03,4.87,11.06,13575.5,0.741,0.79,0.905,0.728,9.694,1637.0,Gas Turbine,2005,ShipD (MIT),Calculated from geometry,STL,"{""Fn"": [0.05, 0.1, 0.15, 0.2, 0.25, 0.3, 0.35], ""Resistance_N"": [570171, 638048, 705925, 773803, 841680, 909558, 977436]}"
OFF_0119,Offshore supply,103.51,15.92,6.96,8.4,5140.5,0.498,0.575,0.909,0.854,6.191,5645.0,Diesel-electric,2018,DSYHS (Delft),Measured,STL,
RO-_0120,RO-RO,165.01,16.91,5.69,11.33,9130.8,0.639,0.648,0.941,0.765,8.215,37557.0,Nuclear,1980,MARIN paper,Estimated,STL,
NAV_0121,Naval combatant,145.8,17.1,6.94,13.63,9966.3,0.64,0.592,0.9,0.635,15.004,5999.0,Electric,2016,Open dataset,Model tests,STL,
OFF_0122,Offshore supply,68.59,21.18,6.89,7.89,4873.6,0.541,0.498,0.922,0.768,7.37,4692.0,Diesel-electric,1994,Open dataset,Design spec,Mesh available (OBJ),
OTH_0123,Other,285.5,9.95,1.85,11.47,2416.9,0.511,0.551,0.912,0.848,9.798,87288.0,Electric,2017,ShipD (MIT),Design spec,STL,"{""Fn"": [0.05, 0.1, 0.15, 0.2, 0.25, 0.3, 0.35], ""Resistance_N"": [101509, 113594, 125678, 137763, 149847, 161932, 174016]}"
CRU_0124,Cruise ship,267.79,61.92,8.2,25.65,101935.8,0.833,0.843,0.93,0.775,10.651,26691.0,Electric,2013,Open dataset,Estimated,STL,"{""Fn"": [0.05, 0.1, 0.15, 0.2, 0.25, 0.3, 0.35], ""Resistance_N"": [4281303, 4790982, 5300661, 5810340, 6320019, 6829698, 7339377]}"
OFF_0125,Offshore supply,63.46,15.45,5.23,6.12,3872.0,0.839,0.828,0.893,0.666,7.321,2038.0,Hybrid,1992,Open dataset,Estimated,None,"{""Fn"": [0.05, 0.1, 0.15, 0.2, 0.25, 0.3, 0.35], ""Resistance_N"": [162624, 181984, 201343, 220704, 240063, 259424, 278784]}"
BUL_0126,Bulk carrier,240.43,43.53,22.33,18.68,123676.1,0.588,0.638,0.872,0.613,7.602,40821.0,Electric,1998,Public spec,Calculated from geometry,Parametric (NURBS),"{""Fn"": [0.05, 0.1, 0.15, 0.2, 0.25, 0.3, 0.35], ""Resistance_N"": [5194396, 5812776, 6431157, 7049537, 7667918, 8286298, 8904679]}"
CRU_0127,Cruise ship,323.87,32.85,8.41,24.07,39780.6,0.494,0.54,0.886,0.616,11.123,10641.0,Diesel,1984,ShipD (MIT),Calculated from geometry,None,
OFF_0128,Offshore supply,57.04,22.79,3.02,7.75,2904.3,0.822,0.825,0.99,0.881,6.618,1356.0,Gas Turbine,1988,Public spec,Model tests,Mesh available (OBJ),
OTH_0129,Other,85.02,38.24,17.23,4.01,41290.6,0.819,0.823,0.976,0.899,4.34,83628.0,Nuclear,2020,DSYHS (Delft),Estimated,Mesh available (OBJ),"{""Fn"": [0.05, 0.1, 0.15, 0.2, 0.25, 0.3, 0.35], ""Resistance_N"": [1734205, 1940658, 2147111, 2353564, 2560017, 2766470, 2972923]}"
CON_0130,Container,189.52,43.32,15.36,19.71,71728.9,0.632,0.665,0.929,0.885,8.852,105800.0,Diesel-electric,1987,ShipD (MIT),Estimated,Parametric (NURBS),
OFF_0131,Offshore supply,95.38,22.06,3.06,6.69,3291.4,0.568,0.606,0.879,0.796,7.116,2551.0,Hybrid,1997,Public spec,Model tests,IGES,"{""Fn"": [0.05, 0.1, 0.15, 0.2, 0.25, 0.3, 0.35], ""Resistance_N"": [138238, 154695, 171152, 187609, 204066, 220523, 236980]}"
BUL_0132,Bulk carrier,158.8,24.61,13.18,15.46,25682.1,0.554,0.535,0.963,0.905,5.921,291924.0,Gas Turbine,1970,Open dataset,Estimated,Parametric (NURBS),"{""Fn"": [0.05, 0.1, 0.15, 0.2, 0.25, 0.3, 0.35], ""Resistance_N"": [1078648, 1207058, 1335469, 1463879, 1592290, 1720700, 1849111]}"
CON_0133,Container,300.34,37.55,8.44,27.78,70160.4,0.819,0.884,0.965,0.821,11.188,188720.0,Hybrid,1993,DSYHS (Delft),Design spec,Parametric (NURBS),"{""Fn"": [0.05, 0.1, 0.15, 0.2, 0.25, 0.3, 0.35], ""Resistance_N"": [2946736, 3297538, 3648340, 3999142, 4349944, 4700746, 5051548]}"
OFF_0134,Offshore supply,60.72,22.47,5.42,7.08,4459.1,0.67,0.681,0.931,0.813,5.819,1635.0,Hybrid,2018,ShipD (MIT),Measured,IGES,"{""Fn"": [0.05, 0.1, 0.15, 0.2, 0.25, 0.3, 0.35], ""Resistance_N"": [187282, 209577, 231873, 254168, 276464, 298759, 321055]}"
FIS_0135,Fishing,60.74,5.09,4.04,2.37,752.0,0.669,0.685,0.936,0.648,5.804,525.0,Electric,1977,DSYHS (Delft),Measured,IGES,
BUL_0136,Bulk carrier,308.77,38.94,8.89,12.9,59259.2,0.616,0.639,0.934,0.815,5.937,18490.0,Diesel,1986,Open dataset,Design spec,STL,"{""Fn"": [0.05, 0.1, 0.15, 0.2, 0.25, 0.3, 0.35], ""Resistance_N"": [2488886, 2785182, 3081478, 3377774, 3674070, 3970366, 4266662]}"
BUL_0137,Bulk carrier,129.51,34.19,9.02,31.87,29619.6,0.824,0.783,0.99,0.61,6.196,309899.0,Electric,2019,Open dataset,Calculated from geometry,None,
RO-_0138,RO-RO,157.28,34.34,6.89,8.8,27999.0,0.836,0.9,0.87,0.875,7.568,59585.0,Hybrid,1995,DSYHS (Delft),Design spec,Mesh available (OBJ),
CON_0139,Container,393.55,37.45,13.47,21.75,107561.9,0.602,0.582,0.919,0.65,9.104,176289.0,Diesel,2018,ShipD (MIT),Calculated from geometry,STL,"{""Fn"": [0.05, 0.1, 0.15, 0.2, 0.25, 0.3, 0.35], ""Resistance_N"": [4517599, 5055409, 5593218, 6131028, 6668837, 7206647, 7744456]}"
CON_0140,Container,172.2,20.83,12.35,22.27,28665.6,0.719,0.782,0.887,0.614,10.264,112554.0,Diesel,2018,DSYHS (Delft),Measured,None,
CRU_0141,Cruise ship,321.32,51.26,7.8,28.97,83134.7,0.719,0.711,0.895,0.646,10.619,10526.0,Gas Turbine,1989,ShipD (MIT),Measured,STL,
TAN_0142,Tanker,290.24,40.51,16.43,34.31,143782.2,0.827,0.864,0.968,0.702,6.429,75655.0,Diesel-electric,1994,MARIN paper,Calculated from geometry,Parametric (NURBS),"{""Fn"": [0.05, 0.1, 0.15, 0.2, 0.25, 0.3, 0.35], ""Resistance_N"": [6038852, 6757763, 7476674, 8195585, 8914496, 9633407, 10352318]}"
CRU_0143,Cruise ship,213.15,50.3,9.01,33.72,58684.6,0.675,0.751,0.934,0.643,9.76,10083.0,Diesel,2011,SIMMAN,Estimated,Mesh available (OBJ),"{""Fn"": [0.05, 0.1, 0.15, 0.2, 0.25, 0.3, 0.35], ""Resistance_N"": [2464753, 2758176, 3051599, 3345022, 3638445, 3931868, 4225291]}"
FIS_0144,Fishing,62.1,6.67,2.71,6.04,698.1,0.691,0.755,0.878,0.844,7.842,563.0,Diesel-electric,2000,Public spec,Estimated,Mesh available (OBJ),"{""Fn"": [0.05, 0.1, 0.15, 0.2, 0.25, 0.3, 0.35], ""Resistance_N"": [29320, 32810, 36301, 39791, 43282, 46772, 50263]}"
CRU_0145,Cruise ship,346.8,60.48,7.29,34.99,88347.8,0.642,0.624,0.941,0.665,11.143,18801.0,Gas Turbine,2019,SIMMAN,Calculated from geometry,STL,"{""Fn"": [0.05, 0.1, 0.15, 0.2, 0.25, 0.3, 0.35], ""Resistance_N"": [3710607, 4152346, 4594085, 5035824, 5477563, 5919302, 6361041]}"
NAV_0146,Naval combatant,123.93,15.6,9.3,12.66,12476.2,0.771,0.815,0.964,0.702,13.906,6067.0,Hybrid,1972,DSYHS (Delft),Design spec,Mesh available (OBJ),"{""Fn"": [0.05, 0.1, 0.15, 0.2, 0.25, 0.3, 0.35], ""Resistance_N"": [524000, 586381, 648762, 711143, 773524, 835905, 898286]}"
FER_0147,Ferry,133.0,25.18,6.46,6.36,10280.5,0.528,0.508,0.935,0.679,9.573,7553.0,Gas Turbine,1991,SIMMAN,Calculated from geometry,IGES,
TAN_0148,Tanker,315.87,36.9,10.38,23.66,57056.6,0.524,0.59,0.999,0.906,6.762,379190.0,Electric,1974,ShipD (MIT),Model tests,IGES,
TAN_0149,Tanker,342.21,31.11,20.02,10.23,125068.2,0.652,0.651,0.943,0.813,7.047,222609.0,Diesel,2001,ShipD (MIT),Measured,STL,"{""Fn"": [0.05, 0.1, 0.15, 0.2, 0.25, 0.3, 0.35], ""Resistance_N"": [5252864, 5878205, 6503546, 7128887, 7754228, 8379569, 9004910]}"
RO-_0150,RO-RO,91.78,26.59,6.37,17.77,6393.9,0.457,0.513,0.951,0.858,10.01,8206.0,Hybrid,1976,DSYHS (Delft),Design spec,Parametric (NURBS),"{""Fn"": [0.05, 0.1, 0.15, 0.2, 0.25, 0.3, 0.35], ""Resistance_N"": [268543, 300513, 332482, 364452, 396421, 428391, 460360]}"
OTH_0151,Other,167.41,41.68,6.45,13.72,24262.6,0.599,0.602,0.935,0.917,5.51,68419.0,Diesel,2024,Open dataset,Model tests,Mesh available (OBJ),
RO-_0152,RO-RO,146.89,27.05,5.28,8.09,9799.5,0.519,0.534,0.915,0.851,8.949,51761.0,Hybrid,1976,ShipD (MIT),Design spec,Parametric (NURBS),"{""Fn"": [0.05, 0.1, 0.15, 0.2, 0.25, 0.3, 0.35], ""Resistance_N"": [411579, 460576, 509573, 558571, 607568, 656566, 705564]}"
OTH_0153,Other,153.14,7.1,2.88,27.99,2282.8,0.81,0.833,0.855,0.897,6.057,96148.0,Diesel-electric,2007,Open dataset,Calculated from geometry,Mesh available (OBJ),"{""Fn"": [0.05, 0.1, 0.15, 0.2, 0.25, 0.3, 0.35], ""Resistance_N"": [95877, 107291, 118705, 130119, 141533, 152947, 164361]}"
FER_0154,Ferry,74.37,16.25,7.09,7.11,6238.6,0.809,0.802,0.963,0.645,12.276,5820.0,Electric,2002,Public spec,Model tests,Mesh available (OBJ),"{""Fn"": [0.05, 0.1, 0.15, 0.2, 0.25, 0.3, 0.35], ""Resistance_N"": [262021, 293214, 324407, 355600, 386793, 417986, 449179]}"
RO-_0155,RO-RO,124.82,17.52,8.03,14.14,10873.4,0.688,0.764,0.899,0.803,9.621,28131.0,Gas Turbine,1984,MARIN paper,Calculated from geometry,IGES,
TAN_0156,Tanker,303.13,51.71,9.46,25.47,102627.4,0.769,0.812,0.862,0.649,7.341,288916.0,Nuclear,2017,Public spec,Estimated,Mesh available (OBJ),"{""Fn"": [0.05, 0.1, 0.15, 0.2, 0.25, 0.3, 0.35], ""Resistance_N"": [4310350, 4823487, 5336624, 5849761, 6362898, 6876035, 7389172]}"
BUL_0157,Bulk carrier,121.09,32.49,13.76,15.93,24506.8,0.503,0.477,0.917,0.778,6.194,20242.0,Hybrid,1992,ShipD (MIT),Measured,STL,
NAV_0158,Naval combatant,185.01,12.12,6.48,15.79,9677.1,0.74,0.763,0.999,0.678,15.542,10909.0,Diesel-electric,1980,Public spec,Estimated,None,
OFF_0159,Offshore supply,60.22,14.34,4.1,6.5,2431.3,0.763,0.76,0.992,0.831,6.675,3776.0,Diesel,1999,DSYHS (Delft),Estimated,Mesh available (OBJ),"{""Fn"": [0.05, 0.1, 0.15, 0.2, 0.25, 0.3, 0.35], ""Resistance_N"": [102114, 114271, 126427, 138584, 150740, 162897, 175053]}"
RO-_0160,RO-RO,139.83,28.4,9.02,11.3,18827.0,0.584,0.64,0.979,0.912,7.622,20598.0,Diesel-electric,2014,SIMMAN,Estimated,Parametric (NURBS),
RO-_0161,RO-RO,235.31,21.83,8.47,12.91,26627.4,0.68,0.662,0.906,0.861,8.415,8605.0,Diesel-electric,2006,MARIN paper,Measured,Parametric (NURBS),"{""Fn"": [0.05, 0.1, 0.15, 0.2, 0.25, 0.3, 0.35], ""Resistance_N"": [1118350, 1251487, 1384624, 1517761, 1650898, 1784035, 1917172]}"
FIS_0162,Fishing,16.75,14.18,5.74,3.26,943.6,0.769,0.827,0.86,0.871,8.206,676.0,Electric,1978,Public spec,Design spec,None,
TAN_0163,Tanker,311.66,57.88,9.26,34.77,96515.7,0.642,0.644,0.926,0.895,7.28,249203.0,Gas Turbine,2020,Open dataset,Measured,STL,
BUL_0164,Bulk carrier,142.97,29.67,18.64,13.66,49457.9,0.695,0.718,0.947,0.807,7.631,139322.0,Nuclear,2020,ShipD (MIT),Model tests,Mesh available (OBJ),
FER_0165,Ferry,83.3,29.42,5.57,9.5,6609.5,0.538,0.537,0.919,0.817,10.436,1290.0,Nuclear,1971,ShipD (MIT),Estimated,IGES,"{""Fn"": [0.05, 0.1, 0.15, 0.2, 0.25, 0.3, 0.35], ""Resistance_N"": [277599, 310646, 343693, 376741, 409788, 442836, 475884]}"
BUL_0166,Bulk carrier,144.37,62.21,10.27,16.86,52464.7,0.632,0.609,0.922,0.752,6.271,281737.0,Diesel,1990,Public spec,Model tests,Mesh available (OBJ),
CON_0167,Container,354.75,45.21,13.09,15.78,159470.9,0.844,0.826,0.876,0.651,10.823,192107.0,Nuclear,1984,Open dataset,Design spec,Parametric (NURBS),"{""Fn"": [0.05, 0.1, 0.15, 0.2, 0.25, 0.3, 0.35], ""Resistance_N"": [6697777, 7495132, 8292486, 9089841, 9887195, 10684550, 11481904]}"
RO-_0168,RO-RO,149.34,30.75,9.42,12.5,24216.1,0.622,0.573,0.882,0.689,9.374,48168.0,Diesel,2006,MARIN paper,Design spec,None,"{""Fn"": [0.05, 0.1, 0.15, 0.2, 0.25, 0.3, 0.35], ""Resistance_N"": [1017076, 1138156, 1259237, 1380317, 1501398, 1622478, 1743559]}"
NAV_0169,Naval combatant,111.68,13.14,8.02,12.89,8855.1,0.836,0.827,0.908,0.726,13.449,6575.0,Hybrid,1999,DSYHS (Delft),Estimated,STL,"{""Fn"": [0.05, 0.1, 0.15, 0.2, 0.25, 0.3, 0.35], ""Resistance_N"": [371914, 416189, 460465, 504740, 549016, 593291, 637567]}"
OTH_0170,Other,43.73,11.03,3.68,11.25,835.5,0.523,0.563,0.927,0.734,4.967,38401.0,Nuclear,1981,Open dataset,Measured,Parametric (NURBS),
FIS_0171,Fishing,25.85,8.04,2.34,7.05,305.5,0.698,0.761,0.993,0.755,5.119,390.0,Hybrid,2005,Open dataset,Calculated from geometry,IGES,
OFF_0172,Offshore supply,79.09,23.76,4.95,5.41,3867.7,0.462,0.511,0.894,0.688,6.804,1175.0,Hybrid,1999,Open dataset,Calculated from geometry,STL,"{""Fn"": [0.05, 0.1, 0.15, 0.2, 0.25, 0.3, 0.35], ""Resistance_N"": [162443, 181781, 201120, 220458, 239797, 259135, 278474]}"
FIS_0173,Fishing,22.36,5.6,4.99,6.94,335.7,0.597,0.654,0.856,0.83,6.926,989.0,Electric,1976,Open dataset,Design spec,None,
CON_0174,Container,234.92,32.64,14.35,22.1,83977.0,0.848,0.899,0.886,0.859,10.953,76619.0,Hybrid,2015,Open dataset,Calculated from geometry,Parametric (NURBS),"{""Fn"": [0.05, 0.1, 0.15, 0.2, 0.25, 0.3, 0.35], ""Resistance_N"": [3527034, 3946919, 4366804, 4786689, 5206573, 5626459, 6046344]}"
OTH_0175,Other,58.99,14.3,5.33,4.6,2387.5,0.59,0.577,0.931,0.704,8.462,28968.0,Hybrid,1987,Open dataset,Model tests,Parametric (NURBS),
RO-_0176,RO-RO,227.82,35.85,9.34,9.27,54649.2,0.796,0.778,0.957,0.865,9.553,41221.0,Diesel-electric,2001,MARIN paper,Estimated,IGES,"{""Fn"": [0.05, 0.1, 0.15, 0.2, 0.25, 0.3, 0.35], ""Resistance_N"": [2295266, 2568512, 2841758, 3115004, 3388250, 3661496, 3934742]}"
RO-_0177,RO-RO,157.8,28.67,9.4,8.93,25107.8,0.656,0.642,0.99,0.718,10.135,20982.0,Electric,1970,ShipD (MIT),Calculated from geometry,None,
BUL_0178,Bulk carrier,287.09,36.69,23.49,28.15,144300.0,0.648,0.64,0.893,0.775,5.48,342444.0,Gas Turbine,2020,Open dataset,Model tests,Mesh available (OBJ),"{""Fn"": [0.05, 0.1, 0.15, 0.2, 0.25, 0.3, 0.35], ""Resistance_N"": [6060600, 6782100, 7503599, 8225100, 8946599, 9668100, 10389600]}"
BUL_0179,Bulk carrier,251.5,57.33,8.26,30.45,54987.0,0.513,0.522,0.999,0.737,7.706,364668.0,Gas Turbine,2011,DSYHS (Delft),Estimated,Mesh available (OBJ),
NAV_0180,Naval combatant,117.54,15.72,9.42,9.66,9540.0,0.609,0.599,0.955,0.675,16.233,11148.0,Diesel-electric,1970,SIMMAN,Model tests,Parametric (NURBS),"{""Fn"": [0.05, 0.1, 0.15, 0.2, 0.25, 0.3, 0.35], ""Resistance_N"": [400680, 448380, 496079, 543780, 591479, 639180, 686880]}"
OTH_0181,Other,83.33,35.6,1.67,21.78,3464.4,0.777,0.855,0.913,0.642,4.553,38337.0,Diesel,2016,ShipD (MIT),Estimated,None,"{""Fn"": [0.05, 0.1, 0.15, 0.2, 0.25, 0.3, 0.35], ""Resistance_N"": [145504, 162826, 180148, 197470, 214792, 232114, 249436]}"
FER_0182,Ferry,70.57,30.11,6.64,5.07,10755.4,0.847,0.816,0.93,0.603,10.186,3576.0,Diesel-electric,2016,Open dataset,Design spec,IGES,"{""Fn"": [0.05, 0.1, 0.15, 0.2, 0.25, 0.3, 0.35], ""Resistance_N"": [451726, 505503, 559280, 613057, 666834, 720611, 774388]}"
OTH_0183,Other,212.24,43.7,3.1,5.71,19433.6,0.751,0.778,0.908,0.908,6.057,14026.0,Electric,1987,ShipD (MIT),Design spec,STL,
OTH_0184,Other,188.0,32.34,15.91,21.64,68689.1,0.789,0.825,0.895,0.766,7.261,74796.0,Electric,1988,ShipD (MIT),Design spec,IGES,
RO-_0185,RO-RO,106.91,25.99,7.97,13.28,16761.8,0.841,0.919,0.99,0.642,9.859,34966.0,Hybrid,1993,Open dataset,Design spec,IGES,"{""Fn"": [0.05, 0.1, 0.15, 0.2, 0.25, 0.3, 0.35], ""Resistance_N"": [703995, 787804, 871613, 955422, 1039231, 1123040, 1206849]}"
BUL_0186,Bulk carrier,123.5,21.17,12.19,10.88,13596.0,0.474,0.527,0.926,0.801,6.433,172018.0,Nuclear,2014,ShipD (MIT),Measured,STL,
OTH_0187,Other,62.75,8.76,2.96,27.86,1230.1,0.84,0.81,0.899,0.788,8.827,65001.0,Diesel,2011,Public spec,Calculated from geometry,Parametric (NURBS),
CON_0188,Container,173.34,56.83,8.04,26.08,33644.7,0.472,0.509,0.949,0.656,8.29,36070.0,Diesel-electric,1970,SIMMAN,Estimated,STL,
FIS_0189,Fishing,65.89,14.09,2.25,2.76,1432.6,0.762,0.747,0.983,0.847,4.267,809.0,Hybrid,1987,ShipD (MIT),Estimated,STL,
BUL_0190,Bulk carrier,224.19,42.01,8.89,28.91,38958.6,0.517,0.487,0.966,0.886,6.878,54980.0,Hybrid,2017,ShipD (MIT),Model tests,Mesh available (OBJ),"{""Fn"": [0.05, 0.1, 0.15, 0.2, 0.25, 0.3, 0.35], ""Resistance_N"": [1636261, 1831054, 2025847, 2220640, 2415433, 2610226, 2805019]}"
CRU_0191,Cruise ship,159.66,36.56,9.3,22.68,40746.8,0.834,0.789,0.97,0.828,10.609,10612.0,Nuclear,1985,Open dataset,Estimated,None,"{""Fn"": [0.05, 0.1, 0.15, 0.2, 0.25, 0.3, 0.35], ""Resistance_N"": [1711365, 1915099, 2118833, 2322567, 2526301, 2730035, 2933769]}"
BUL_0192,Bulk carrier,240.02,23.61,18.77,11.16,51598.7,0.539,0.556,0.857,0.728,7.4,347752.0,Gas Turbine,2019,Public spec,Model tests,STL,
OFF_0193,Offshore supply,50.56,14.81,5.26,6.52,2477.8,0.699,0.709,0.939,0.758,7.529,1333.0,Diesel-electric,2004,DSYHS (Delft),Model tests,IGES,
CON_0194,Container,169.9,32.55,14.56,32.18,60148.7,0.83,0.78,0.949,0.872,11.598,29750.0,Diesel-electric,2003,SIMMAN,Calculated from geometry,Mesh available (OBJ),
TAN_0195,Tanker,310.8,24.47,23.66,32.43,106561.0,0.658,0.699,0.906,0.912,5.407,52053.0,Electric,1978,SIMMAN,Model tests,STL,"{""Fn"": [0.05, 0.1, 0.15, 0.2, 0.25, 0.3, 0.35], ""Resistance_N"": [4475562, 5008367, 5541171, 6073977, 6606781, 7139587, 7672392]}"
OTH_0196,Other,37.44,34.81,3.92,10.88,3632.4,0.79,0.86,0.909,0.866,6.13,45303.0,Diesel,1984,DSYHS (Delft),Design spec,STL,"{""Fn"": [0.05, 0.1, 0.15, 0.2, 0.25, 0.3, 0.35], ""Resistance_N"": [152560, 170722, 188884, 207046, 225208, 243370, 261532]}"
BUL_0197,Bulk carrier,152.64,25.73,15.46,18.94,36285.1,0.664,0.739,0.881,0.699,5.826,56766.0,Electric,1980,Public spec,Measured,Mesh available (OBJ),
CRU_0198,Cruise ship,325.54,35.11,7.23,23.72,44028.9,0.592,0.609,0.952,0.683,11.299,5777.0,Nuclear,1995,MARIN paper,Measured,Parametric (NURBS),
BUL_0199,Bulk carrier,217.03,55.78,10.24,10.26,87246.4,0.782,0.86,0.87,0.864,6.102,255816.0,Diesel,2011,MARIN paper,Measured,None,
BUL_0200,Bulk carrier,124.58,21.03,22.44,19.76,26561.7,0.502,0.57,0.974,0.706,5.254,189788.0,Hybrid,1980,SIMMAN,Calculated from geometry,IGES,
CON_0201,Container,214.82,35.92,10.19,32.89,39629.2,0.56,0.568,0.872,0.797,11.088,132982.0,Nuclear,2001,MARIN paper,Calculated from geometry,Mesh available (OBJ),
BUL_0202,Bulk carrier,178.75,24.45,11.19,29.46,29049.7,0.66,0.692,0.97,0.854,7.689,314947.0,Nuclear,1992,MARIN paper,Calculated from geometry,None,"{""Fn"": [0.05, 0.1, 0.15, 0.2, 0.25, 0.3, 0.35], ""Resistance_N"": [1220087, 1365335, 1510584, 1655832, 1801081, 1946329, 2091578]}"
OTH_0203,Other,160.67,22.48,4.83,11.61,8447.0,0.538,0.604,0.967,0.619,10.237,52966.0,Hybrid,2019,DSYHS (Delft),Design spec,Mesh available (OBJ),"{""Fn"": [0.05, 0.1, 0.15, 0.2, 0.25, 0.3, 0.35], ""Resistance_N"": [354774, 397009, 439243, 481479, 523713, 565949, 608184]}"
CRU_0204,Cruise ship,287.94,32.66,9.04,33.76,36113.6,0.472,0.552,0.883,0.871,10.901,13870.0,Diesel-electric,2023,DSYHS (Delft),Design spec,STL,
NAV_0205,Naval combatant,178.68,18.98,9.48,8.28,21122.5,0.73,0.803,0.935,0.78,13.829,14844.0,Hybrid,2001,Public spec,Design spec,IGES,
CON_0206,Container,127.08,27.77,8.97,24.11,12820.4,0.45,0.519,0.88,0.642,11.551,184568.0,Gas Turbine,2024,ShipD (MIT),Model tests,Parametric (NURBS),"{""Fn"": [0.05, 0.1, 0.15, 0.2, 0.25, 0.3, 0.35], ""Resistance_N"": [538456, 602558, 666660, 730762, 794864, 858966, 923068]}"
OTH_0207,Other,217.31,11.37,3.55,17.21,4705.0,0.596,0.555,0.956,0.812,7.733,33689.0,Diesel-electric,1990,DSYHS (Delft),Calculated from geometry,IGES,"{""Fn"": [0.05, 0.1, 0.15, 0.2, 0.25, 0.3, 0.35], ""Resistance_N"": [197610, 221135, 244659, 268185, 291709, 315235, 338760]}"
NAV_0208,Naval combatant,109.16,21.69,8.16,17.29,13302.0,0.765,0.744,0.938,0.656,14.44,10950.0,Diesel-electric,1978,Open dataset,Model tests,STL,
RO-_0209,RO-RO,217.61,31.42,7.84,9.82,27836.8,0.577,0.632,0.942,0.805,7.524,30778.0,Electric,1991,ShipD (MIT),Design spec,None,"{""Fn"": [0.05, 0.1, 0.15, 0.2, 0.25, 0.3, 0.35], ""Resistance_N"": [1169145, 1308329, 1447513, 1586697, 1725881, 1865065, 2004249]}"
NAV_0210,Naval combatant,108.47,20.85,4.53,15.09,6509.7,0.706,0.771,0.917,0.685,14.145,2881.0,Diesel,1986,Open dataset,Model tests,Mesh available (OBJ),"{""Fn"": [0.05, 0.1, 0.15, 0.2, 0.25, 0.3, 0.35], ""Resistance_N"": [273407, 305955, 338504, 371052, 403601, 436149, 468698]}"
RO-_0211,RO-RO,155.73,24.39,5.83,12.14,16003.3,0.803,0.799,0.906,0.865,9.637,35527.0,Electric,2018,DSYHS (Delft),Design spec,IGES,
BUL_0212,Bulk carrier,287.83,19.57,8.32,15.74,20751.9,0.492,0.486,0.983,0.651,5.337,377315.0,Gas Turbine,1975,MARIN paper,Measured,IGES,
CON_0213,Container,229.4,45.45,12.47,21.99,55113.4,0.471,0.464,0.996,0.731,10.797,185858.0,Gas Turbine,2004,Open dataset,Estimated,None,
CRU_0214,Cruise ship,170.14,37.72,8.37,27.36,22818.6,0.472,0.422,0.863,0.864,10.546,17008.0,Diesel,1976,DSYHS (Delft),Design spec,None,"{""Fn"": [0.05, 0.1, 0.15, 0.2, 0.25, 0.3, 0.35], ""Resistance_N"": [958381, 1072474, 1186567, 1300660, 1414753, 1528846, 1642939]}"
BUL_0215,Bulk carrier,219.45,23.43,20.56,20.36,76875.0,0.808,0.792,0.946,0.724,6.099,158763.0,Nuclear,1981,ShipD (MIT),Estimated,IGES,
OFF_0216,Offshore supply,68.44,23.72,5.26,5.76,5602.5,0.729,0.692,0.95,0.859,6.422,4587.0,Hybrid,1984,ShipD (MIT),Calculated from geometry,STL,"{""Fn"": [0.05, 0.1, 0.15, 0.2, 0.25, 0.3, 0.35], ""Resistance_N"": [235304, 263317, 291330, 319342, 347354, 375367, 403380]}"
RO-_0217,RO-RO,234.84,29.74,9.68,13.73,33100.1,0.544,0.533,0.909,0.873,7.309,35130.0,Hybrid,2003,Open dataset,Measured,Parametric (NURBS),"{""Fn"": [0.05, 0.1, 0.15, 0.2, 0.25, 0.3, 0.35], ""Resistance_N"": [1390204, 1555704, 1721205, 1886705, 2052206, 2217706, 2383207]}"
BUL_0218,Bulk carrier,319.34,39.1,23.18,13.68,139360.5,0.535,0.51,0.856,0.625,6.902,88748.0,Electric,2022,DSYHS (Delft),Measured,None,
NAV_0219,Naval combatant,190.19,21.14,4.4,11.88,9696.3,0.609,0.601,0.891,0.747,17.355,12225.0,Hybrid,2009,MARIN paper,Calculated from geometry,Mesh available (OBJ),
RO-_0220,RO-RO,112.45,27.33,7.91,17.65,10720.5,0.49,0.454,0.967,0.851,9.88,53047.0,Gas Turbine,1996,SIMMAN,Calculated from geometry,STL,
OTH_0221,Other,152.45,12.75,8.96,19.69,11316.8,0.722,0.724,0.909,0.881,8.378,4976.0,Gas Turbine,2000,Public spec,Model tests,None,
FER_0222,Ferry,96.64,31.91,7.22,9.48,16812.2,0.839,0.819,0.895,0.838,10.952,2634.0,Nuclear,2016,MARIN paper,Model tests,Parametric (NURBS),
OFF_0223,Offshore supply,64.8,23.54,5.96,8.8,6521.2,0.797,0.854,0.927,0.651,6.105,3139.0,Hybrid,1978,MARIN paper,Model tests,Parametric (NURBS),"{""Fn"": [0.05, 0.1, 0.15, 0.2, 0.25, 0.3, 0.35], ""Resistance_N"": [273890, 306496, 339102, 371708, 404314, 436920, 469526]}"
CRU_0224,Cruise ship,333.79,30.03,7.14,20.5,30273.8,0.47,0.467,0.88,0.718,10.215,14923.0,Electric,1977,ShipD (MIT),Design spec,None,"{""Fn"": [0.05, 0.1, 0.15, 0.2, 0.25, 0.3, 0.35], ""Resistance_N"": [1271499, 1422868, 1574237, 1725606, 1876975, 2028344, 2179713]}"
OFF_0225,Offshore supply,91.58,14.49,6.48,7.93,4566.0,0.59,0.561,0.984,0.84,7.271,1853.0,Diesel,1994,DSYHS (Delft),Measured,Parametric (NURBS),"{""Fn"": [0.05, 0.1, 0.15, 0.2, 0.25, 0.3, 0.35], ""Resistance_N"": [191772, 214602, 237431, 260262, 283091, 305922, 328752]}"
CRU_0226,Cruise ship,285.95,49.11,7.67,26.14,44398.0,0.458,0.509,0.965,0.603,11.136,21184.0,Diesel,2008,DSYHS (Delft),Estimated,STL,"{""Fn"": [0.05, 0.1, 0.15, 0.2, 0.25, 0.3, 0.35], ""Resistance_N"": [1864715, 2086706, 2308696, 2530686, 2752675, 2974666, 3196656]}"
FER_0227,Ferry,156.91,28.44,4.01,11.16,12739.2,0.791,0.801,0.883,0.697,9.387,5026.0,Diesel,2007,ShipD (MIT),Measured,None,
FIS_0228,Fishing,57.08,12.53,2.84,2.65,870.2,0.476,0.554,0.946,0.876,5.459,713.0,Gas Turbine,2011,DSYHS (Delft),Design spec,STL,"{""Fn"": [0.05, 0.1, 0.15, 0.2, 0.25, 0.3, 0.35], ""Resistance_N"": [36548, 40899, 45250, 49601, 53952, 58303, 62654]}"
CRU_0229,Cruise ship,338.93,54.22,9.01,29.0,106398.4,0.714,0.752,0.958,0.81,11.313,11485.0,Nuclear,1996,SIMMAN,Model tests,STL,
OTH_0230,Other,248.48,20.44,14.7,21.53,47372.0,0.705,0.717,0.991,0.715,5.969,17040.0,Hybrid,2012,DSYHS (Delft),Estimated,Mesh available (OBJ),
OFF_0231,Offshore supply,58.96,15.62,6.23,8.81,2700.7,0.523,0.561,0.9,0.629,6.241,4516.0,Nuclear,1989,Public spec,Estimated,None,
OTH_0232,Other,102.33,43.3,10.2,26.39,27781.4,0.683,0.756,0.861,0.885,7.205,86756.0,Hybrid,1994,Public spec,Calculated from geometry,Mesh available (OBJ),
TAN_0233,Tanker,172.97,29.61,14.96,24.24,56062.7,0.813,0.822,0.897,0.829,7.549,224535.0,Diesel-electric,2010,Public spec,Model tests,Mesh available (OBJ),
OFF_0234,Offshore supply,69.15,22.66,3.67,8.82,3343.4,0.646,0.695,0.863,0.797,7.1,2539.0,Nuclear,2000,ShipD (MIT),Model tests,STL,"{""Fn"": [0.05, 0.1, 0.15, 0.2, 0.25, 0.3, 0.35], ""Resistance_N"": [140422, 157139, 173856, 190573, 207290, 224007, 240724]}"
CRU_0235,Cruise ship,303.44,60.0,9.23,31.35,100121.3,0.662,0.614,0.851,0.835,9.726,26924.0,Diesel-electric,1989,ShipD (MIT),Calculated from geometry,STL,"{""Fn"": [0.05, 0.1, 0.15, 0.2, 0.25, 0.3, 0.35], ""Resistance_N"": [4205094, 4705701, 5206307, 5706914, 6207520, 6708127, 7208733]}"
OTH_0236,Other,105.71,7.94,2.35,28.61,1121.9,0.632,0.65,0.929,0.739,8.355,13422.0,Gas Turbine,2001,DSYHS (Delft),Design spec,IGES,
CON_0237,Container,168.53,48.54,8.18,28.88,41314.0,0.686,0.658,0.905,0.808,8.404,176543.0,Hybrid,1986,MARIN paper,Model tests,STL,"{""Fn"": [0.05, 0.1, 0.15, 0.2, 0.25, 0.3, 0.35], ""Resistance_N"": [1735188, 1941758, 2148328, 2354898, 2561467, 2768038, 2974608]}"
CON_0238,Container,298.59,45.45,7.18,27.86,54108.0,0.617,0.616,0.932,0.752,8.94,142086.0,Diesel,2010,Public spec,Calculated from geometry,Mesh available (OBJ),"{""Fn"": [0.05, 0.1, 0.15, 0.2, 0.25, 0.3, 0.35], ""Resistance_N"": [2272536, 2543076, 2813615, 3084156, 3354695, 3625236, 3895776]}"
FIS_0239,Fishing,32.55,12.48,2.12,6.98,381.3,0.492,0.535,0.868,0.636,4.662,206.0,Gas Turbine,1982,MARIN paper,Design spec,None,
RO-_0240,RO-RO,134.3,16.79,7.48,10.08,12493.1,0.823,0.816,0.85,0.815,10.001,50443.0,Nuclear,2012,DSYHS (Delft),Model tests,STL,"{""Fn"": [0.05, 0.1, 0.15, 0.2, 0.25, 0.3, 0.35], ""Resistance_N"": [524710, 587175, 649641, 712106, 774572, 837037, 899503]}"
BUL_0241,Bulk carrier,271.95,22.76,12.09,15.09,56909.8,0.845,0.833,0.92,0.632,5.594,25383.0,Gas Turbine,1988,Open dataset,Estimated,IGES,
BUL_0242,Bulk carrier,139.95,53.64,8.73,28.74,42172.0,0.715,0.687,0.904,0.74,6.744,352605.0,Gas Turbine,1975,Public spec,Design spec,Mesh available (OBJ),
RO-_0243,RO-RO,150.04,25.13,9.18,14.9,19968.4,0.641,0.646,0.983,0.653,7.611,44131.0,Diesel-electric,2024,ShipD (MIT),Calculated from geometry,STL,
OFF_0244,Offshore supply,106.16,21.5,3.73,6.9,4543.7,0.593,0.547,0.953,0.868,8.149,957.0,Diesel,2001,SIMMAN,Calculated from geometry,Mesh available (OBJ),"{""Fn"": [0.05, 0.1, 0.15, 0.2, 0.25, 0.3, 0.35], ""Resistance_N"": [190835, 213553, 236272, 258990, 281709, 304427, 327146]}"
BUL_0245,Bulk carrier,174.94,32.77,19.27,24.91,75263.7,0.757,0.782,0.935,0.913,6.867,141937.0,Electric,2003,Open dataset,Measured,Mesh available (OBJ),"{""Fn"": [0.05, 0.1, 0.15, 0.2, 0.25, 0.3, 0.35], ""Resistance_N"": [3161075, 3537393, 3913712, 4290030, 4666349, 5042667, 5418986]}"
RO-_0246,RO-RO,189.26,20.97,6.73,14.76,14519.5,0.604,0.663,0.934,0.916,7.371,39317.0,Hybrid,1980,SIMMAN,Calculated from geometry,Parametric (NURBS),
BUL_0247,Bulk carrier,277.8,33.07,13.29,16.12,71754.2,0.653,0.675,0.907,0.861,5.347,183233.0,Nuclear,2006,ShipD (MIT),Calculated from geometry,IGES,"{""Fn"": [0.05, 0.1, 0.15, 0.2, 0.25, 0.3, 0.35], ""Resistance_N"": [3013676, 3372447, 3731218, 4089989, 4448760, 4807531, 5166302]}"
NAV_0248,Naval combatant,103.06,16.97,7.92,9.03,7666.8,0.615,0.637,0.85,0.629,15.969,10047.0,Hybrid,1989,MARIN paper,Design spec,IGES,
NAV_0249,Naval combatant,129.97,12.54,5.34,12.54,5279.4,0.674,0.705,0.921,0.81,16.544,3482.0,Electric,2018,DSYHS (Delft),Model tests,None,
NAV_0250,Naval combatant,181.29,21.64,5.75,13.22,14840.9,0.731,0.687,0.875,0.645,16.549,11380.0,Gas Turbine,1976,MARIN paper,Design spec,Parametric (NURBS),
BUL_0251,Bulk carrier,315.35,36.47,15.31,27.19,116792.2,0.737,0.701,0.912,0.897,7.299,239636.0,Nuclear,2019,SIMMAN,Measured,STL,"{""Fn"": [0.05, 0.1, 0.15, 0.2, 0.25, 0.3, 0.35], ""Resistance_N"": [4905272, 5489233, 6073194, 6657155, 7241116, 7825077, 8409038]}"
TAN_0252,Tanker,371.33,20.21,20.52,23.83,86344.4,0.623,0.649,0.989,0.85,7.954,314399.0,Electric,1981,DSYHS (Delft),Model tests,IGES,"{""Fn"": [0.05, 0.1, 0.15, 0.2, 0.25, 0.3, 0.35], ""Resistance_N"": [3626464, 4058186, 4489908, 4921630, 5353352, 5785074, 6216796]}"
OTH_0253,Other,189.73,19.48,17.81,14.3,41114.1,0.694,0.734,0.887,0.727,6.232,29452.0,Diesel-electric,2021,DSYHS (Delft),Calculated from geometry,STL,
FIS_0254,Fishing,34.43,13.82,5.37,6.27,1894.9,0.824,0.856,0.88,0.8,5.61,351.0,Diesel-electric,2013,Open dataset,Design spec,STL,"{""Fn"": [0.05, 0.1, 0.15, 0.2, 0.25, 0.3, 0.35], ""Resistance_N"": [79585, 89060, 98534, 108009, 117483, 126958, 136432]}"
FIS_0255,Fishing,60.13,8.51,2.02,4.11,597.2,0.642,0.666,0.95,0.734,7.963,842.0,Nuclear,1988,ShipD (MIT),Measured,Mesh available (OBJ),"{""Fn"": [0.05, 0.1, 0.15, 0.2, 0.25, 0.3, 0.35], ""Resistance_N"": [25082, 28068, 31054, 34040, 37026, 40012, 42998]}"
CON_0256,Container,214.26,20.23,7.51,18.14,22382.7,0.764,0.842,0.953,0.647,8.518,159027.0,Hybrid,1983,ShipD (MIT),Estimated,IGES,
BUL_0257,Bulk carrier,249.38,49.75,16.99,14.93,134504.5,0.709,0.71,0.927,0.855,6.935,280245.0,Nuclear,1973,SIMMAN,Calculated from geometry,None,
FIS_0258,Fishing,18.5,14.41,2.41,7.21,459.1,0.794,0.802,0.884,0.803,7.766,374.0,Hybrid,2007,Open dataset,Measured,Parametric (NURBS),
CRU_0259,Cruise ship,211.78,29.1,8.71,22.8,25121.3,0.52,0.537,0.907,0.737,10.405,8251.0,Gas Turbine,2007,ShipD (MIT),Estimated,IGES,
TAN_0260,Tanker,149.59,64.57,18.15,29.34,110446.1,0.7,0.76,0.895,0.853,6.843,42067.0,Gas Turbine,2015,MARIN paper,Design spec,Parametric (NURBS),"{""Fn"": [0.05, 0.1, 0.15, 0.2, 0.25, 0.3, 0.35], ""Resistance_N"": [4638736, 5190966, 5743197, 6295427, 6847658, 7399888, 7952119]}"
FIS_0261,Fishing,19.43,11.07,3.37,5.22,317.7,0.487,0.466,0.882,0.706,5.972,226.0,Hybrid,2018,MARIN paper,Calculated from geometry,STL,
CON_0262,Container,134.42,32.53,9.16,26.77,29451.5,0.817,0.799,0.856,0.883,9.997,161279.0,Nuclear,1977,Public spec,Measured,None,
CON_0263,Container,373.4,52.53,10.37,30.46,114964.2,0.628,0.584,0.985,0.662,10.61,190160.0,Hybrid,1980,MARIN paper,Model tests,Mesh available (OBJ),"{""Fn"": [0.05, 0.1, 0.15, 0.2, 0.25, 0.3, 0.35], ""Resistance_N"": [4828496, 5403317, 5978138, 6552959, 7127780, 7702601, 8277422]}"
CRU_0264,Cruise ship,290.77,52.94,9.16,26.36,62436.2,0.492,0.512,0.955,0.912,10.855,21164.0,Electric,1974,Open dataset,Design spec,Mesh available (OBJ),
OFF_0265,Offshore supply,100.18,12.53,3.29,5.89,2048.0,0.551,0.51,0.973,0.892,6.403,2816.0,Nuclear,1995,Public spec,Model tests,IGES,
BUL_0266,Bulk carrier,232.32,48.15,17.89,26.63,123194.6,0.684,0.725,0.861,0.897,5.417,316887.0,Hybrid,1989,ShipD (MIT),Estimated,IGES,
RO-_0267,RO-RO,149.27,29.21,7.37,13.33,14605.1,0.505,0.506,0.97,0.775,10.166,10356.0,Electric,2013,Open dataset,Estimated,Mesh available (OBJ),
FIS_0268,Fishing,71.86,5.98,1.69,5.44,397.4,0.608,0.629,0.863,0.667,7.93,728.0,Nuclear,1983,Open dataset,Measured,Parametric (NURBS),
TAN_0269,Tanker,184.16,49.61,12.3,12.87,72616.7,0.718,0.742,0.858,0.84,8.2,251494.0,Hybrid,2011,ShipD (MIT),Estimated,Mesh available (OBJ),"{""Fn"": [0.05, 0.1, 0.15, 0.2, 0.25, 0.3, 0.35], ""Resistance_N"": [3049901, 3412984, 3776068, 4139151, 4502235, 4865318, 5228402]}"
FER_0270,Ferry,64.73,28.87,5.18,6.65,4364.8,0.501,0.536,0.865,0.798,11.73,2610.0,Gas Turbine,1998,MARIN paper,Estimated,STL,"{""Fn"": [0.05, 0.1, 0.15, 0.2, 0.25, 0.3, 0.35], ""Resistance_N"": [183321, 205145, 226969, 248793, 270617, 292441, 314265]}"
TAN_0271,Tanker,275.73,37.5,13.38,20.71,56279.8,0.452,0.434,0.883,0.837,6.491,379648.0,Electric,1978,Open dataset,Estimated,IGES,
OFF_0272,Offshore supply,81.18,22.85,4.95,5.54,5850.8,0.708,0.669,0.892,0.864,7.896,1339.0,Electric,2016,ShipD (MIT),Model tests,Mesh available (OBJ),
FIS_0273,Fishing,56.06,15.38,4.11,6.62,1706.3,0.535,0.49,0.889,0.886,6.892,657.0,Gas Turbine,1979,SIMMAN,Design spec,STL,
FER_0274,Ferry,70.08,23.03,3.0,6.91,1978.4,0.454,0.435,0.995,0.914,10.397,6081.0,Nuclear,1978,DSYHS (Delft),Design spec,STL,
OTH_0275,Other,204.64,48.55,15.11,16.05,80255.2,0.594,0.572,0.923,0.62,6.396,4328.0,Hybrid,1983,Public spec,Calculated from geometry,IGES,
OFF_0276,Offshore supply,111.71,12.56,5.59,5.52,5908.3,0.837,0.869,0.891,0.837,6.93,3506.0,Electric,1994,SIMMAN,Estimated,STL,
BUL_0277,Bulk carrier,228.5,35.69,22.52,21.36,97685.7,0.591,0.654,0.923,0.754,6.699,205716.0,Nuclear,1978,DSYHS (Delft),Design spec,Mesh available (OBJ),
FIS_0278,Fishing,56.83,6.96,2.34,4.17,613.9,0.737,0.702,0.885,0.86,7.821,486.0,Nuclear,2000,DSYHS (Delft),Measured,Parametric (NURBS),
RO-_0279,RO-RO,93.37,16.86,7.87,9.61,7827.4,0.702,0.657,0.936,0.618,7.999,12442.0,Hybrid,1995,MARIN paper,Model tests,None,
BUL_0280,Bulk carrier,165.48,46.51,15.54,20.6,57911.9,0.538,0.541,0.871,0.786,7.119,253052.0,Gas Turbine,2002,DSYHS (Delft),Estimated,IGES,
OTH_0281,Other,185.37,15.34,8.63,5.93,11727.7,0.531,0.593,0.926,0.734,5.039,9675.0,Hybrid,2000,MARIN paper,Model tests,STL,
FIS_0282,Fishing,63.9,5.3,4.47,7.41,907.4,0.666,0.616,0.991,0.817,6.335,426.0,Electric,1972,MARIN paper,Calculated from geometry,Parametric (NURBS),"{""Fn"": [0.05, 0.1, 0.15, 0.2, 0.25, 0.3, 0.35], ""Resistance_N"": [38110, 42647, 47184, 51721, 56258, 60795, 65332]}"
OFF_0283,Offshore supply,105.27,17.34,5.36,8.71,6648.3,0.755,0.796,0.865,0.643,6.617,1548.0,Diesel,2024,Public spec,Measured,STL,"{""Fn"": [0.05, 0.1, 0.15, 0.2, 0.25, 0.3, 0.35], ""Resistance_N"": [279228, 312470, 345711, 378953, 412194, 445436, 478677]}"
RO-_0284,RO-RO,128.67,16.11,8.72,8.07,10720.6,0.659,0.677,0.906,0.666,9.685,25713.0,Diesel-electric,1976,SIMMAN,Measured,None,"{""Fn"": [0.05, 0.1, 0.15, 0.2, 0.25, 0.3, 0.35], ""Resistance_N"": [450265, 503868, 557471, 611074, 664677, 718280, 771883]}"
FER_0285,Ferry,178.25,21.01,4.51,6.2,10975.2,0.722,0.77,0.912,0.851,9.152,3024.0,Nuclear,2005,Public spec,Estimated,STL,
NAV_0286,Naval combatant,175.16,15.98,4.83,16.64,6059.4,0.498,0.478,0.967,0.904,13.377,8608.0,Gas Turbine,2020,MARIN paper,Measured,Mesh available (OBJ),"{""Fn"": [0.05, 0.1, 0.15, 0.2, 0.25, 0.3, 0.35], ""Resistance_N"": [254494, 284791, 315088, 345385, 375682, 405979, 436276]}"
TAN_0287,Tanker,233.38,50.52,21.67,30.58,146936.4,0.639,0.667,0.863,0.684,6.289,277972.0,Nuclear,2016,SIMMAN,Measured,STL,"{""Fn"": [0.05, 0.1, 0.15, 0.2, 0.25, 0.3, 0.35], ""Resistance_N"": [6171328, 6906010, 7640692, 8375374, 9110056, 9844738, 10579420]}"
FER_0288,Ferry,156.74,25.53,7.7,10.56,19578.0,0.706,0.713,0.88,0.81,11.136,2359.0,Hybrid,1972,MARIN paper,Measured,Parametric (NURBS),
OTH_0289,Other,67.46,6.62,5.93,3.01,1222.7,0.513,0.593,0.967,0.713,6.555,58628.0,Diesel,2003,Open dataset,Model tests,Mesh available (OBJ),"{""Fn"": [0.05, 0.1, 0.15, 0.2, 0.25, 0.3, 0.35], ""Resistance_N"": [51353, 57466, 63580, 69693, 75807, 81920, 88034]}"
FIS_0290,Fishing,33.49,15.62,5.62,4.09,2209.3,0.835,0.821,0.941,0.662,8.898,579.0,Diesel-electric,1986,SIMMAN,Measured,Mesh available (OBJ),
FIS_0291,Fishing,19.71,8.12,5.76,6.82,691.1,0.833,0.897,0.972,0.784,7.687,966.0,Nuclear,2006,DSYHS (Delft),Estimated,IGES,"{""Fn"": [0.05, 0.1, 0.15, 0.2, 0.25, 0.3, 0.35], ""Resistance_N"": [29026, 32481, 35937, 39392, 42848, 46303, 49759]}"
OFF_0292,Offshore supply,112.76,24.07,4.93,6.29,7261.7,0.603,0.656,0.883,0.824,7.614,2592.0,Hybrid,1992,MARIN paper,Model tests,None,"{""Fn"": [0.05, 0.1, 0.15, 0.2, 0.25, 0.3, 0.35], ""Resistance_N"": [304991, 341299, 377608, 413916, 450225, 486533, 522842]}"
CRU_0293,Cruise ship,210.33,37.96,8.87,25.13,42831.5,0.672,0.645,0.897,0.67,10.441,9569.0,Electric,2017,DSYHS (Delft),Calculated from geometry,Parametric (NURBS),
CRU_0294,Cruise ship,304.44,56.91,7.52,23.04,64493.1,0.55,0.58,0.873,0.634,11.154,21895.0,Nuclear,2012,MARIN paper,Model tests,STL,"{""Fn"": [0.05, 0.1, 0.15, 0.2, 0.25, 0.3, 0.35], ""Resistance_N"": [2708710, 3031175, 3353641, 3676106, 3998572, 4321037, 4643503]}"
CON_0295,Container,354.4,33.59,9.84,32.66,84550.4,0.802,0.827,0.891,0.659,11.77,107115.0,Diesel-electric,1995,MARIN paper,Design spec,Mesh available (OBJ),"{""Fn"": [0.05, 0.1, 0.15, 0.2, 0.25, 0.3, 0.35], ""Resistance_N"": [3551116, 3973868, 4396620, 4819372, 5242124, 5664876, 6087628]}"
FIS_0296,Fishing,66.95,10.7,3.93,5.01,1538.0,0.607,0.646,0.876,0.912,7.708,465.0,Diesel,2014,ShipD (MIT),Design spec,IGES,
OTH_0297,Other,48.21,21.27,17.44,8.05,8932.8,0.555,0.54,0.994,0.71,5.251,42423.0,Electric,1996,Public spec,Estimated,IGES,
FER_0298,Ferry,117.61,24.86,7.89,9.49,16111.2,0.776,0.82,0.971,0.778,11.46,1648.0,Electric,2021,DSYHS (Delft),Calculated from geometry,Mesh available (OBJ),"{""Fn"": [0.05, 0.1, 0.15, 0.2, 0.25, 0.3, 0.35], ""Resistance_N"": [676670, 757226, 837782, 918338, 998894, 1079450, 1160006]}"
TAN_0299,Tanker,241.16,26.45,23.19,25.77,88398.0,0.664,0.655,0.923,0.68,7.794,30992.0,Electric,1976,DSYHS (Delft),Model tests,Parametric (NURBS),
FER_0300,Ferry,121.48,26.38,4.97,6.68,8514.6,0.594,0.617,0.99,0.682,6.296,1057.0,Hybrid,2013,DSYHS (Delft),Measured,STL,"{""Fn"": [0.05, 0.1, 0.15, 0.2, 0.25, 0.3, 0.35], ""Resistance_N"": [357613, 400186, 442759, 485332, 527905, 570478, 613051]}"
FIS_0301,Fishing,26.35,14.92,3.1,6.04,707.5,0.645,0.691,0.983,0.722,5.59,635.0,Diesel-electric,1979,Open dataset,Estimated,IGES,"{""Fn"": [0.05, 0.1, 0.15, 0.2, 0.25, 0.3, 0.35], ""Resistance_N"": [29714, 33252, 36790, 40327, 43864, 47402, 50940]}"
OTH_0302,Other,180.06,43.2,2.82,7.37,10680.5,0.541,0.532,0.894,0.686,8.095,27161.0,Gas Turbine,1998,Open dataset,Measured,STL,
OFF_0303,Offshore supply,78.98,14.57,3.09,8.64,2288.1,0.715,0.787,0.955,0.626,5.66,797.0,Nuclear,1974,MARIN paper,Model tests,Mesh available (OBJ),
RO-_0304,RO-RO,168.6,35.92,5.52,14.18,14562.0,0.484,0.555,0.908,0.673,9.479,27703.0,Diesel-electric,1978,MARIN paper,Design spec,Mesh available (OBJ),
CON_0305,Container,299.06,54.14,9.93,22.95,121547.9,0.84,0.86,0.891,0.742,12.72,142548.0,Hybrid,1981,MARIN paper,Calculated from geometry,STL,
RO-_0306,RO-RO,168.52,28.79,6.55,11.47,19048.1,0.666,0.721,0.916,0.717,8.004,19607.0,Hybrid,1970,DSYHS (Delft),Estimated,None,
OFF_0307,Offshore supply,87.46,21.63,4.97,8.78,4823.2,0.57,0.62,0.97,0.791,7.604,3379.0,Nuclear,1982,MARIN paper,Calculated from geometry,IGES,
CRU_0308,Cruise ship,184.29,51.48,7.97,25.68,37768.9,0.555,0.56,0.886,0.845,11.132,25189.0,Gas Turbine,2013,Public spec,Measured,None,"{""Fn"": [0.05, 0.1, 0.15, 0.2, 0.25, 0.3, 0.35], ""Resistance_N"": [1586293, 1775138, 1963982, 2152827, 2341671, 2530516, 2719360]}"
RO-_0309,RO-RO,118.2,17.37,5.68,9.1,6633.2,0.632,0.641,0.955,0.757,8.192,10824.0,Diesel,2004,DSYHS (Delft),Model tests,None,
FER_0310,Ferry,68.76,21.4,2.55,4.72,1539.9,0.456,0.434,0.913,0.851,9.25,3034.0,Diesel,2014,Public spec,Model tests,Parametric (NURBS),"{""Fn"": [0.05, 0.1, 0.15, 0.2, 0.25, 0.3, 0.35], ""Resistance_N"": [64675, 72375, 80074, 87774, 95473, 103173, 110872]}"
CON_0311,Container,179.95,34.48,11.89,16.18,53648.2,0.808,0.791,0.907,0.604,12.743,145789.0,Nuclear,1994,DSYHS (Delft),Model tests,Parametric (NURBS),"{""Fn"": [0.05, 0.1, 0.15, 0.2, 0.25, 0.3, 0.35], ""Resistance_N"": [2253224, 2521465, 2789706, 3057947, 3326188, 3594429, 3862670]}"
OFF_0312,Offshore supply,101.47,13.32,5.66,6.04,4172.3,0.606,0.681,0.99,0.651,7.392,4519.0,Hybrid,2005,ShipD (MIT),Estimated,IGES,"{""Fn"": [0.05, 0.1, 0.15, 0.2, 0.25, 0.3, 0.35], ""Resistance_N"": [175236, 196098, 216959, 237821, 258682, 279544, 300405]}"
FER_0313,Ferry,79.81,33.08,7.25,5.74,8527.2,0.495,0.527,0.899,0.654,7.878,1045.0,Diesel-electric,2020,ShipD (MIT),Model tests,STL,"{""Fn"": [0.05, 0.1, 0.15, 0.2, 0.25, 0.3, 0.35], ""Resistance_N"": [358142, 400778, 443414, 486050, 528686, 571322, 613958]}"
OFF_0314,Offshore supply,98.19,14.17,6.08,6.24,4948.8,0.65,0.689,0.901,0.91,7.489,548.0,Electric,1992,DSYHS (Delft),Measured,Mesh available (OBJ),
TAN_0315,Tanker,257.08,35.2,17.49,26.12,83899.3,0.589,0.655,0.96,0.607,6.31,328735.0,Diesel,1986,SIMMAN,Calculated from geometry,STL,
FER_0316,Ferry,131.41,22.74,5.62,8.35,8751.4,0.579,0.59,0.98,0.792,11.486,1366.0,Diesel-electric,2003,SIMMAN,Estimated,None,
FIS_0317,Fishing,38.86,4.01,4.37,4.27,321.1,0.524,0.476,0.979,0.848,5.344,723.0,Hybrid,2012,SIMMAN,Design spec,STL,"{""Fn"": [0.05, 0.1, 0.15, 0.2, 0.25, 0.3, 0.35], ""Resistance_N"": [13486, 15091, 16697, 18302, 19908, 21513, 23119]}"
OFF_0318,Offshore supply,103.6,14.16,4.13,7.05,3157.1,0.579,0.542,0.949,0.614,8.039,1236.0,Diesel-electric,1972,ShipD (MIT),Calculated from geometry,Parametric (NURBS),"{""Fn"": [0.05, 0.1, 0.15, 0.2, 0.25, 0.3, 0.35], ""Resistance_N"": [132598, 148383, 164169, 179954, 195740, 211525, 227311]}"
BUL_0319,Bulk carrier,126.68,48.16,14.22,20.78,54655.6,0.7,0.727,0.857,0.671,6.991,15103.0,Electric,1983,SIMMAN,Model tests,IGES,"{""Fn"": [0.05, 0.1, 0.15, 0.2, 0.25, 0.3, 0.35], ""Resistance_N"": [2295535, 2568813, 2842091, 3115369, 3388647, 3661925, 3935203]}"
CON_0320,Container,208.28,49.23,15.01,30.91,106380.5,0.768,0.726,0.943,0.769,11.631,168546.0,Diesel-electric,1974,MARIN paper,Model tests,Mesh available (OBJ),"{""Fn"": [0.05, 0.1, 0.15, 0.2, 0.25, 0.3, 0.35], ""Resistance_N"": [4467981, 4999883, 5531785, 6063688, 6595590, 7127493, 7659396]}"
CRU_0321,Cruise ship,261.65,29.58,8.32,23.73,40567.9,0.7,0.673,0.962,0.733,9.477,20965.0,Electric,1992,SIMMAN,Calculated from geometry,Mesh available (OBJ),
TAN_0322,Tanker,330.19,46.4,16.58,26.44,151801.8,0.664,0.692,0.99,0.889,6.842,448614.0,Gas Turbine,2024,SIMMAN,Calculated from geometry,None,
OTH_0323,Other,87.4,29.55,8.44,17.86,14674.2,0.748,0.745,0.918,0.907,4.117,3514.0,Hybrid,1988,ShipD (MIT),Measured,Parametric (NURBS),
FER_0324,Ferry,50.99,35.59,3.68,6.52,4561.9,0.759,0.832,0.973,0.894,9.33,4608.0,Diesel-electric,2006,ShipD (MIT),Model tests,IGES,"{""Fn"": [0.05, 0.1, 0.15, 0.2, 0.25, 0.3, 0.35], ""Resistance_N"": [191599, 214409, 237218, 260028, 282837, 305647, 328456]}"
NAV_0325,Naval combatant,107.17,14.65,9.34,10.5,7285.2,0.552,0.541,0.936,0.782,13.98,3003.0,Nuclear,1990,DSYHS (Delft),Calculated from geometry,STL,
BUL_0326,Bulk carrier,245.0,32.12,19.69,22.68,67077.2,0.481,0.438,0.966,0.711,7.246,172443.0,Diesel-electric,1977,Open dataset,Measured,Mesh available (OBJ),
RO-_0327,RO-RO,98.12,26.49,6.6,13.65,8970.2,0.581,0.622,0.873,0.816,10.281,58320.0,Hybrid,2018,MARIN paper,Measured,Mesh available (OBJ),
CRU_0328,Cruise ship,240.71,53.45,7.37,25.04,54617.5,0.64,0.687,0.932,0.684,10.08,15862.0,Diesel-electric,2014,DSYHS (Delft),Calculated from geometry,STL,
CRU_0329,Cruise ship,252.45,48.09,7.49,29.24,60887.4,0.744,0.726,0.861,0.849,9.926,28103.0,Diesel,1975,Open dataset,Calculated from geometry,IGES,"{""Fn"": [0.05, 0.1, 0.15, 0.2, 0.25, 0.3, 0.35], ""Resistance_N"": [2557270, 2861707, 3166144, 3470581, 3775018, 4079455, 4383892]}"
NAV_0330,Naval combatant,128.31,15.21,7.56,8.24,7595.4,0.572,0.65,0.942,0.917,15.136,3895.0,Diesel-electric,1972,DSYHS (Delft),Estimated,Parametric (NURBS),"{""Fn"": [0.05, 0.1, 0.15, 0.2, 0.25, 0.3, 0.35], ""Resistance_N"": [319006, 356983, 394960, 432937, 470914, 508891, 546868]}"
BUL_0331,Bulk carrier,143.6,20.56,23.18,30.39,49151.5,0.798,0.855,0.852,0.822,5.431,185524.0,Gas Turbine,1971,DSYHS (Delft),Measured,Parametric (NURBS),"{""Fn"": [0.05, 0.1, 0.15, 0.2, 0.25, 0.3, 0.35], ""Resistance_N"": [2064362, 2310120, 2555877, 2801635, 3047392, 3293150, 3538908]}"
CRU_0332,Cruise ship,264.75,52.01,8.37,29.35,87856.6,0.847,0.887,0.95,0.721,11.124,18169.0,Diesel-electric,1986,ShipD (MIT),Estimated,Parametric (NURBS),
OTH_0333,Other,95.96,25.92,18.99,4.8,30352.3,0.714,0.75,0.987,0.715,4.782,29284.0,Nuclear,2011,DSYHS (Delft),Calculated from geometry,STL,"{""Fn"": [0.05, 0.1, 0.15, 0.2, 0.25, 0.3, 0.35], ""Resistance_N"": [1274796, 1426558, 1578319, 1730081, 1881842, 2033604, 2185365]}"
BUL_0334,Bulk carrier,309.81,40.78,17.55,11.94,105764.1,0.53,0.606,0.934,0.828,5.247,369685.0,Gas Turbine,1989,SIMMAN,Calculated from geometry,Parametric (NURBS),"{""Fn"": [0.05, 0.1, 0.15, 0.2, 0.25, 0.3, 0.35], ""Resistance_N"": [4442092, 4970912, 5499733, 6028553, 6557374, 7086194, 7615015]}"
CON_0335,Container,204.03,32.78,12.63,17.43,63935.9,0.841,0.856,0.972,0.8,12.299,179176.0,Diesel,2022,MARIN paper,Estimated,Parametric (NURBS),"{""Fn"": [0.05, 0.1, 0.15, 0.2, 0.25, 0.3, 0.35], ""Resistance_N"": [2685307, 3004987, 3324666, 3644346, 3964025, 4283705, 4603384]}"
TAN_0336,Tanker,222.03,38.86,10.33,28.25,52781.7,0.658,0.696,0.981,0.82,6.433,262075.0,Gas Turbine,1997,MARIN paper,Estimated,IGES,"{""Fn"": [0.05, 0.1, 0.15, 0.2, 0.25, 0.3, 0.35], ""Resistance_N"": [2216831, 2480739, 2744648, 3008556, 3272465, 3536373, 3800282]}"
FIS_0337,Fishing,23.57,13.13,4.11,6.1,607.9,0.531,0.499,0.953,0.888,8.795,435.0,Diesel-electric,2019,Open dataset,Measured,Parametric (NURBS),
NAV_0338,Naval combatant,97.46,17.33,8.32,9.84,9940.6,0.786,0.755,0.854,0.702,17.866,14495.0,Nuclear,1989,Open dataset,Estimated,Parametric (NURBS),
CRU_0339,Cruise ship,172.42,29.39,8.91,29.18,22634.1,0.557,0.581,0.885,0.674,10.674,13981.0,Nuclear,2014,DSYHS (Delft),Measured,STL,"{""Fn"": [0.05, 0.1, 0.15, 0.2, 0.25, 0.3, 0.35], ""Resistance_N"": [950632, 1063802, 1176973, 1290143, 1403314, 1516484, 1629655]}"
OFF_0340,Offshore supply,99.84,17.24,6.41,7.46,5014.6,0.505,0.48,0.855,0.845,5.191,1765.0,Diesel-electric,1996,Open dataset,Design spec,Parametric (NURBS),"{""Fn"": [0.05, 0.1, 0.15, 0.2, 0.25, 0.3, 0.35], ""Resistance_N"": [210613, 235686, 260759, 285832, 310905, 335978, 361051]}"
BUL_0341,Bulk carrier,157.19,62.87,15.03,23.58,96918.8,0.725,0.788,0.983,0.737,7.141,247092.0,Nuclear,2022,Open dataset,Estimated,IGES,"{""Fn"": [0.05, 0.1, 0.15, 0.2, 0.25, 0.3, 0.35], ""Resistance_N"": [4070589, 4555183, 5039777, 5524371, 6008965, 6493559, 6978153]}"
OTH_0342,Other,282.96,30.74,11.42,20.32,65440.8,0.732,0.687,0.866,0.746,9.534,87784.0,Hybrid,1985,MARIN paper,Calculated from geometry,Mesh available (OBJ),"{""Fn"": [0.05, 0.1, 0.15, 0.2, 0.25, 0.3, 0.35], ""Resistance_N"": [2748513, 3075717, 3402921, 3730125, 4057329, 4384533, 4711737]}"
FIS_0343,Fishing,40.18,14.71,5.83,3.14,1941.4,0.626,0.691,0.966,0.691,4.972,301.0,Electric,1973,MARIN paper,Design spec,IGES,"{""Fn"": [0.05, 0.1, 0.15, 0.2, 0.25, 0.3, 0.35], ""Resistance_N"": [81538, 91245, 100952, 110659, 120366, 130073, 139780]}"
OFF_0344,Offshore supply,56.33,19.01,3.72,7.93,2896.8,0.808,0.829,0.909,0.704,5.221,2831.0,Diesel-electric,2015,SIMMAN,Model tests,None,"{""Fn"": [0.05, 0.1, 0.15, 0.2, 0.25, 0.3, 0.35], ""Resistance_N"": [121665, 136149, 150633, 165117, 179601, 194085, 208569]}"
NAV_0345,Naval combatant,166.09,21.07,8.78,15.18,13798.9,0.499,0.464,0.917,0.716,15.556,6993.0,Hybrid,2020,MARIN paper,Design spec,IGES,"{""Fn"": [0.05, 0.1, 0.15, 0.2, 0.25, 0.3, 0.35], ""Resistance_N"": [579553, 648548, 717542, 786537, 855531, 924526, 993520]}"
FIS_0346,Fishing,39.74,14.76,5.61,5.39,2114.5,0.714,0.684,0.98,0.657,7.779,425.0,Electric,1989,SIMMAN,Estimated,Parametric (NURBS),
BUL_0347,Bulk carrier,308.69,63.14,8.06,26.84,64330.4,0.455,0.47,0.925,0.858,6.708,202452.0,Hybrid,1983,Open dataset,Calculated from geometry,IGES,
RO-_0348,RO-RO,156.28,28.02,5.03,16.82,11121.0,0.561,0.593,0.973,0.666,7.773,5193.0,Diesel,1992,DSYHS (Delft),Model tests,STL,"{""Fn"": [0.05, 0.1, 0.15, 0.2, 0.25, 0.3, 0.35], ""Resistance_N"": [467081, 522687, 578292, 633897, 689501, 745107, 800712]}"
OTH_0349,Other,103.56,46.42,2.41,14.26,5432.4,0.521,0.558,0.942,0.821,7.788,78741.0,Nuclear,1981,Open dataset,Measured,None,"{""Fn"": [0.05, 0.1, 0.15, 0.2, 0.25, 0.3, 0.35], ""Resistance_N"": [228160, 255322, 282484, 309646, 336808, 363970, 391132]}"
CON_0350,Container,127.94,30.57,10.32,20.72,17327.8,0.477,0.483,0.933,0.694,8.854,141977.0,Gas Turbine,1987,MARIN paper,Calculated from geometry,STL,
CRU_0351,Cruise ship,296.12,46.48,7.27,30.95,63219.0,0.702,0.78,0.923,0.82,11.182,29656.0,Nuclear,1988,MARIN paper,Estimated,None,
FIS_0352,Fishing,52.38,12.73,5.67,5.69,2208.3,0.649,0.694,0.925,0.859,8.662,240.0,Diesel-electric,1988,ShipD (MIT),Model tests,Mesh available (OBJ),
OFF_0353,Offshore supply,93.78,13.65,6.39,9.0,6257.6,0.85,0.854,0.9,0.779,7.112,265.0,Electric,1982,Public spec,Estimated,Mesh available (OBJ),
FER_0354,Ferry,95.04,24.3,6.72,4.91,8143.2,0.583,0.584,0.935,0.907,11.31,1632.0,Gas Turbine,2023,Open dataset,Calculated from geometry,IGES,"{""Fn"": [0.05, 0.1, 0.15, 0.2, 0.25, 0.3, 0.35], ""Resistance_N"": [342014, 382730, 423446, 464162, 504878, 545594, 586310]}"
CON_0355,Container,293.7,38.22,12.64,32.52,84919.2,0.665,0.659,0.968,0.732,11.669,168670.0,Hybrid,1989,Open dataset,Estimated,STL,"{""Fn"": [0.05, 0.1, 0.15, 0.2, 0.25, 0.3, 0.35], ""Resistance_N"": [3566606, 3991202, 4415798, 4840394, 5264990, 5689586, 6114182]}"
FIS_0356,Fishing,16.22,12.08,2.99,7.5,404.9,0.768,0.727,0.872,0.869,5.86,381.0,Diesel-electric,2004,MARIN paper,Measured,IGES,
TAN_0357,Tanker,282.85,61.5,20.78,27.63,187388.0,0.576,0.53,0.912,0.759,5.878,208838.0,Diesel-electric,1989,MARIN paper,Estimated,Parametric (NURBS),"{""Fn"": [0.05, 0.1, 0.15, 0.2, 0.25, 0.3, 0.35], ""Resistance_N"": [7870295, 8807236, 9744176, 10681116, 11618055, 12554996, 13491936]}"
BUL_0358,Bulk carrier,198.59,19.76,11.23,12.04,25859.1,0.652,0.706,0.986,0.649,6.019,198554.0,Gas Turbine,2003,Public spec,Design spec,Mesh available (OBJ),
FIS_0359,Fishing,58.99,5.86,4.76,4.76,1088.5,0.735,0.753,0.851,0.898,7.65,598.0,Gas Turbine,1975,SIMMAN,Model tests,Mesh available (OBJ),
FIS_0360,Fishing,64.8,14.44,1.6,6.55,951.3,0.706,0.683,0.88,0.692,6.854,775.0,Diesel,2012,Public spec,Design spec,Parametric (NURBS),
FER_0361,Ferry,67.17,34.92,5.58,4.82,7856.9,0.667,0.688,0.891,0.902,11.137,4635.0,Diesel,1980,Public spec,Measured,None,"{""Fn"": [0.05, 0.1, 0.15, 0.2, 0.25, 0.3, 0.35], ""Resistance_N"": [329989, 369274, 408558, 447843, 487127, 526412, 565696]}"
FIS_0362,Fishing,43.84,5.82,3.62,6.05,409.0,0.492,0.449,0.914,0.657,7.182,596.0,Electric,2023,Open dataset,Calculated from geometry,STL,
NAV_0363,Naval combatant,124.37,20.17,8.28,14.71,12393.9,0.663,0.74,0.963,0.749,13.539,12567.0,Nuclear,2014,ShipD (MIT),Calculated from geometry,None,"{""Fn"": [0.05, 0.1, 0.15, 0.2, 0.25, 0.3, 0.35], ""Resistance_N"": [520543, 582513, 644482, 706452, 768421, 830391, 892360]}"
OFF_0364,Offshore supply,82.94,25.26,3.57,9.48,3722.5,0.553,0.55,0.878,0.894,6.164,5192.0,Nuclear,1990,SIMMAN,Model tests,Mesh available (OBJ),
OFF_0365,Offshore supply,57.9,18.7,6.38,6.41,3661.8,0.589,0.614,0.926,0.73,7.349,820.0,Electric,2005,ShipD (MIT),Estimated,STL,
OFF_0366,Offshore supply,78.06,17.79,5.48,7.74,5753.2,0.84,0.84,0.901,0.86,6.969,4749.0,Hybrid,1997,Public spec,Measured,Parametric (NURBS),"{""Fn"": [0.05, 0.1, 0.15, 0.2, 0.25, 0.3, 0.35], ""Resistance_N"": [241634, 270400, 299166, 327932, 356698, 385464, 414230]}"
TAN_0367,Tanker,299.03,23.74,23.82,24.35,98161.1,0.645,0.672,0.919,0.778,7.682,87516.0,Diesel,1995,MARIN paper,Model tests,STL,
RO-_0368,RO-RO,139.11,28.9,5.31,10.18,9721.7,0.506,0.531,0.963,0.859,9.539,40331.0,Hybrid,1998,Public spec,Calculated from geometry,STL,
OTH_0369,Other,145.2,14.25,17.73,11.09,25356.8,0.768,0.806,0.988,0.9,8.547,91516.0,Hybrid,1975,ShipD (MIT),Measured,STL,"{""Fn"": [0.05, 0.1, 0.15, 0.2, 0.25, 0.3, 0.35], ""Resistance_N"": [1064985, 1191769, 1318553, 1445337, 1572121, 1698905, 1825689]}"
RO-_0370,RO-RO,217.15,33.05,5.31,17.01,28707.4,0.837,0.787,0.934,0.913,7.541,18368.0,Diesel-electric,1971,SIMMAN,Measured,IGES,"{""Fn"": [0.05, 0.1, 0.15, 0.2, 0.25, 0.3, 0.35], ""Resistance_N"": [1205710, 1349247, 1492784, 1636321, 1779858, 1923395, 2066932]}"
NAV_0371,Naval combatant,168.3,16.06,6.61,10.11,8345.3,0.519,0.487,0.933,0.87,14.715,7424.0,Electric,1988,DSYHS (Delft),Design spec,Mesh available (OBJ),"{""Fn"": [0.05, 0.1, 0.15, 0.2, 0.25, 0.3, 0.35], ""Resistance_N"": [350502, 392229, 433955, 475682, 517408, 559135, 600861]}"
BUL_0372,Bulk carrier,256.16,24.77,22.16,24.47,106298.9,0.84,0.808,0.871,0.858,7.357,358497.0,Hybrid,2014,SIMMAN,Measured,Parametric (NURBS),"{""Fn"": [0.05, 0.1, 0.15, 0.2, 0.25, 0.3, 0.35], ""Resistance_N"": [4464553, 4996048, 5527542, 6059037, 6590531, 7122026, 7653520]}"
OFF_0373,Offshore supply,85.66,19.73,4.8,6.78,3825.8,0.524,0.553,0.937,0.871,5.875,3110.0,Hybrid,1996,MARIN paper,Estimated,Mesh available (OBJ),"{""Fn"": [0.05, 0.1, 0.15, 0.2, 0.25, 0.3, 0.35], ""Resistance_N"": [160683, 179812, 198941, 218070, 237199, 256328, 275457]}"
CON_0374,Container,270.44,47.61,8.02,23.08,67471.8,0.726,0.694,0.96,0.915,12.785,157985.0,Hybrid,1999,ShipD (MIT),Measured,STL,
BUL_0375,Bulk carrier,171.5,47.64,18.62,24.71,99128.1,0.724,0.744,0.937,0.796,7.469,218662.0,Nuclear,1970,SIMMAN,Measured,IGES,"{""Fn"": [0.05, 0.1, 0.15, 0.2, 0.25, 0.3, 0.35], ""Resistance_N"": [4163380, 4659020, 5154661, 5650301, 6145942, 6641582, 7137223]}"
OTH_0376,Other,225.47,23.95,19.27,24.55,53007.2,0.566,0.521,0.988,0.84,8.603,56392.0,Electric,1973,SIMMAN,Measured,Parametric (NURBS),"{""Fn"": [0.05, 0.1, 0.15, 0.2, 0.25, 0.3, 0.35], ""Resistance_N"": [2226302, 2491338, 2756374, 3021410, 3286446, 3551482, 3816518]}"
OTH_0377,Other,34.45,49.57,16.46,19.86,14293.2,0.565,0.526,0.926,0.872,5.831,13297.0,Gas Turbine,1987,Public spec,Model tests,Mesh available (OBJ),
OTH_0378,Other,68.89,31.63,4.3,15.06,6518.5,0.773,0.757,0.955,0.755,9.05,86208.0,Diesel,1991,DSYHS (Delft),Measured,Parametric (NURBS),"{""Fn"": [0.05, 0.1, 0.15, 0.2, 0.25, 0.3, 0.35], ""Resistance_N"": [273777, 306369, 338961, 371554, 404146, 436739, 469332]}"
OFF_0379,Offshore supply,102.69,17.78,4.53,8.3,5508.5,0.74,0.712,0.937,0.869,5.312,1733.0,Diesel,2022,ShipD (MIT),Design spec,IGES,
RO-_0380,RO-RO,161.43,25.53,9.74,17.22,19617.2,0.543,0.582,0.909,0.684,8.84,27214.0,Nuclear,1988,SIMMAN,Estimated,STL,"{""Fn"": [0.05, 0.1, 0.15, 0.2, 0.25, 0.3, 0.35], ""Resistance_N"": [823922, 922008, 1020094, 1118180, 1216266, 1314352, 1412438]}"
CON_0381,Container,129.21,40.31,10.18,31.42,33117.6,0.694,0.729,0.891,0.687,11.946,58515.0,Nuclear,2007,SIMMAN,Design spec,STL,"{""Fn"": [0.05, 0.1, 0.15, 0.2, 0.25, 0.3, 0.35], ""Resistance_N"": [1390939, 1556527, 1722115, 1887703, 2053291, 2218879, 2384467]}"
CRU_0382,Cruise ship,259.19,49.11,9.48,24.7,49305.4,0.454,0.405,0.86,0.732,10.341,22137.0,Diesel-electric,1992,Open dataset,Estimated,None,
CRU_0383,Cruise ship,157.15,46.78,7.14,28.91,38170.4,0.808,0.786,0.94,0.639,11.231,7159.0,Diesel-electric,2008,SIMMAN,Measured,Parametric (NURBS),
BUL_0384,Bulk carrier,266.09,29.91,15.47,30.6,78231.7,0.706,0.776,0.891,0.737,7.468,310253.0,Gas Turbine,1990,DSYHS (Delft),Model tests,None,
CON_0385,Container,214.84,31.97,7.54,33.98,25914.7,0.556,0.563,0.924,0.897,11.057,43904.0,Diesel,2001,DSYHS (Delft),Measured,IGES,
CRU_0386,Cruise ship,278.93,26.25,8.1,23.88,24766.8,0.464,0.423,0.959,0.849,9.299,17442.0,Electric,2011,ShipD (MIT),Model tests,IGES,
FER_0387,Ferry,72.74,18.58,4.65,4.03,4145.9,0.733,0.783,0.922,0.729,10.666,6516.0,Hybrid,1974,DSYHS (Delft),Model tests,IGES,"{""Fn"": [0.05, 0.1, 0.15, 0.2, 0.25, 0.3, 0.35], ""Resistance_N"": [174127, 194857, 215586, 236316, 257045, 277775, 298504]}"
OFF_0388,Offshore supply,58.48,19.49,6.97,6.67,4082.5,0.571,0.528,1.0,0.807,6.272,5149.0,Diesel,1991,SIMMAN,Estimated,Parametric (NURBS),"{""Fn"": [0.05, 0.1, 0.15, 0.2, 0.25, 0.3, 0.35], ""Resistance_N"": [171465, 191877, 212289, 232702, 253114, 273527, 293940]}"
TAN_0389,Tanker,273.07,66.44,19.23,17.47,190282.1,0.606,0.57,0.953,0.756,7.877,202712.0,Diesel-electric,1982,ShipD (MIT),Design spec,Mesh available (OBJ),
OTH_0390,Other,86.78,22.49,16.17,20.37,18461.8,0.65,0.725,0.972,0.909,4.217,33961.0,Electric,1991,ShipD (MIT),Calculated from geometry,Mesh available (OBJ),
CRU_0391,Cruise ship,319.49,48.69,8.15,30.17,91282.4,0.8,0.769,0.937,0.896,9.336,8539.0,Diesel,2011,SIMMAN,Measured,Mesh available (OBJ),
CRU_0392,Cruise ship,297.27,27.22,7.43,20.75,31004.5,0.573,0.626,0.918,0.655,10.476,25445.0,Diesel,1976,SIMMAN,Measured,STL,"{""Fn"": [0.05, 0.1, 0.15, 0.2, 0.25, 0.3, 0.35], ""Resistance_N"": [1302189, 1457211, 1612233, 1767256, 1922278, 2077301, 2232324]}"
CRU_0393,Cruise ship,163.25,30.11,7.84,32.54,25839.2,0.745,0.747,0.868,0.819,10.383,13039.0,Diesel-electric,2020,ShipD (MIT),Measured,Parametric (NURBS),"{""Fn"": [0.05, 0.1, 0.15, 0.2, 0.25, 0.3, 0.35], ""Resistance_N"": [1085246, 1214442, 1343638, 1472834, 1602030, 1731226, 1860422]}"
NAV_0394,Naval combatant,96.95,14.74,8.55,9.68,6575.9,0.598,0.569,0.887,0.786,13.547,12283.0,Hybrid,2010,SIMMAN,Design spec,Mesh available (OBJ),
OFF_0395,Offshore supply,55.65,12.1,6.7,8.53,2789.5,0.687,0.674,0.954,0.854,6.614,935.0,Electric,1979,Public spec,Measured,IGES,"{""Fn"": [0.05, 0.1, 0.15, 0.2, 0.25, 0.3, 0.35], ""Resistance_N"": [117158, 131106, 145054, 159001, 172948, 186896, 200844]}"
RO-_0396,RO-RO,125.89,19.49,8.46,13.96,13768.4,0.737,0.767,0.863,0.864,8.132,26289.0,Diesel-electric,2005,DSYHS (Delft),Model tests,STL,
BUL_0397,Bulk carrier,249.97,58.55,23.79,21.17,199300.7,0.636,0.667,0.881,0.617,5.434,68194.0,Nuclear,2024,SIMMAN,Design spec,Parametric (NURBS),
CON_0398,Container,116.21,33.3,8.89,17.78,21580.7,0.697,0.763,0.918,0.633,8.474,112098.0,Diesel,1980,SIMMAN,Measured,Mesh available (OBJ),"{""Fn"": [0.05, 0.1, 0.15, 0.2, 0.25, 0.3, 0.35], ""Resistance_N"": [906389, 1014292, 1122196, 1230099, 1338003, 1445906, 1553810]}"
BUL_0399,Bulk carrier,307.97,51.91,17.48,17.17,133296.7,0.53,0.568,0.899,0.849,5.983,48245.0,Nuclear,2017,DSYHS (Delft),Calculated from geometry,Parametric (NURBS),
BUL_0400,Bulk carrier,218.91,40.77,22.25,13.19,146731.0,0.821,0.83,0.908,0.644,6.996,256488.0,Diesel-electric,1987,Public spec,Design spec,Mesh available (OBJ),
OTH_0401,Other,36.7,11.14,17.26,15.38,3289.8,0.518,0.513,0.983,0.793,8.99,63818.0,Diesel-electric,2009,MARIN paper,Measured,Parametric (NURBS),"{""Fn"": [0.05, 0.1, 0.15, 0.2, 0.25, 0.3, 0.35], ""Resistance_N"": [138171, 154620, 171069, 187518, 203967, 220416, 236865]}"
BUL_0402,Bulk carrier,206.46,42.52,21.8,14.76,110059.9,0.639,0.649,0.852,0.737,7.389,106654.0,Hybrid,1997,DSYHS (Delft),Measured,Parametric (NURBS),
OTH_0403,Other,271.51,23.8,2.32,29.76,10024.9,0.743,0.759,0.914,0.726,9.114,69680.0,Nuclear,1976,SIMMAN,Design spec,Mesh available (OBJ),
FIS_0404,Fishing,63.95,13.7,3.33,3.31,1557.0,0.593,0.574,1.0,0.605,7.557,170.0,Hybrid,1999,Open dataset,Measured,Mesh available (OBJ),
OFF_0405,Offshore supply,82.46,13.94,5.81,5.92,4802.5,0.799,0.83,0.956,0.6,7.081,2432.0,Gas Turbine,2014,MARIN paper,Model tests,None,"{""Fn"": [0.05, 0.1, 0.15, 0.2, 0.25, 0.3, 0.35], ""Resistance_N"": [201705, 225717, 249729, 273742, 297754, 321767, 345780]}"
RO-_0406,RO-RO,202.93,29.96,8.06,13.75,23506.8,0.533,0.572,0.943,0.707,10.08,31854.0,Gas Turbine,2013,ShipD (MIT),Model tests,IGES,
NAV_0407,Naval combatant,141.19,12.41,6.2,14.48,7156.8,0.732,0.755,0.966,0.644,14.584,9015.0,Nuclear,2011,Open dataset,Measured,Parametric (NURBS),"{""Fn"": [0.05, 0.1, 0.15, 0.2, 0.25, 0.3, 0.35], ""Resistance_N"": [300585, 336369, 372153, 407937, 443721, 479505, 515289]}"
CRU_0408,Cruise ship,217.3,57.92,8.26,26.34,44162.4,0.472,0.47,0.918,0.76,10.967,16754.0,Electric,2004,MARIN paper,Estimated,IGES,"{""Fn"": [0.05, 0.1, 0.15, 0.2, 0.25, 0.3, 0.35], ""Resistance_N"": [1854820, 2075632, 2296444, 2517256, 2738068, 2958880, 3179692]}"
OTH_0409,Other,123.08,35.3,14.32,29.41,44963.8,0.803,0.777,0.983,0.628,6.527,17922.0,Diesel,1974,DSYHS (Delft),Estimated,Mesh available (OBJ),
TAN_0410,Tanker,259.12,62.0,16.85,25.68,138139.6,0.567,0.643,0.931,0.642,6.215,205298.0,Diesel,2011,Public spec,Design spec,Mesh available (OBJ),"{""Fn"": [0.05, 0.1, 0.15, 0.2, 0.25, 0.3, 0.35], ""Resistance_N"": [5801863, 6492561, 7183259, 7873957, 8564655, 9255353, 9946051]}"
CON_0411,Container,361.54,27.76,15.53,26.83,86271.0,0.615,0.61,0.947,0.704,10.978,142404.0,Hybrid,2023,SIMMAN,Calculated from geometry,None,"{""Fn"": [0.05, 0.1, 0.15, 0.2, 0.25, 0.3, 0.35], ""Resistance_N"": [3623382, 4054737, 4486092, 4917447, 5348801, 5780157, 6211512]}"
OTH_0412,Other,56.95,40.52,4.68,10.02,6259.5,0.644,0.72,0.965,0.615,6.295,45619.0,Hybrid,1980,DSYHS (Delft),Measured,None,
TAN_0413,Tanker,373.57,60.29,19.78,26.66,204883.5,0.511,0.492,0.856,0.701,5.535,124579.0,Diesel-electric,1981,MARIN paper,Model tests,None,
NAV_0414,Naval combatant,106.27,16.48,9.85,13.34,7747.2,0.499,0.452,0.99,0.846,17.737,14061.0,Diesel,1979,Open dataset,Measured,STL,
NAV_0415,Naval combatant,161.2,14.96,9.38,17.7,15309.5,0.752,0.831,0.95,0.856,16.609,13989.0,Electric,1991,ShipD (MIT),Calculated from geometry,Mesh available (OBJ),
TAN_0416,Tanker,302.72,25.61,8.42,25.44,31607.3,0.538,0.534,0.899,0.795,5.747,241630.0,Gas Turbine,2020,DSYHS (Delft),Model tests,Mesh available (OBJ),"{""Fn"": [0.05, 0.1, 0.15, 0.2, 0.25, 0.3, 0.35], ""Resistance_N"": [1327506, 1485543, 1643579, 1801616, 1959652, 2117689, 2275725]}"
FIS_0417,Fishing,70.21,13.48,5.81,7.86,3008.9,0.608,0.622,0.94,0.764,4.404,670.0,Diesel-electric,1995,Open dataset,Calculated from geometry,None,"{""Fn"": [0.05, 0.1, 0.15, 0.2, 0.25, 0.3, 0.35], ""Resistance_N"": [126373, 141418, 156462, 171507, 186551, 201596, 216640]}"
RO-_0418,RO-RO,145.92,21.69,6.76,17.78,15404.7,0.8,0.761,0.959,0.742,10.266,48613.0,Diesel-electric,1988,Open dataset,Calculated from geometry,IGES,"{""Fn"": [0.05, 0.1, 0.15, 0.2, 0.25, 0.3, 0.35], ""Resistance_N"": [646997, 724020, 801044, 878067, 955091, 1032114, 1109138]}"
TAN_0419,Tanker,340.52,48.7,10.44,17.58,131665.3,0.845,0.863,0.9,0.899,6.968,175339.0,Nuclear,1970,Open dataset,Estimated,IGES,
TAN_0420,Tanker,273.4,54.09,20.84,13.42,145340.6,0.524,0.524,0.933,0.614,7.695,377217.0,Nuclear,1989,MARIN paper,Calculated from geometry,Parametric (NURBS),
CON_0421,Container,337.37,24.47,9.7,26.73,50809.4,0.705,0.671,0.95,0.692,9.062,182290.0,Diesel-electric,2011,ShipD (MIT),Model tests,None,
OFF_0422,Offshore supply,119.6,12.93,5.98,7.91,5626.3,0.676,0.739,0.944,0.752,7.287,893.0,Electric,2002,MARIN paper,Model tests,None,
TAN_0423,Tanker,279.6,27.01,15.84,27.33,63843.1,0.593,0.55,0.904,0.804,8.093,31434.0,Hybrid,1988,Open dataset,Model tests,STL,"{""Fn"": [0.05, 0.1, 0.15, 0.2, 0.25, 0.3, 0.35], ""Resistance_N"": [2681410, 3000625, 3319841, 3639056, 3958272, 4277487, 4596703]}"
CRU_0424,Cruise ship,310.95,29.33,7.24,31.29,39637.8,0.667,0.73,0.974,0.819,9.88,22136.0,Gas Turbine,2014,ShipD (MIT),Measured,STL,"{""Fn"": [0.05, 0.1, 0.15, 0.2, 0.25, 0.3, 0.35], ""Resistance_N"": [1664787, 1862976, 2061165, 2259354, 2457543, 2655732, 2853921]}"
NAV_0425,Naval combatant,180.56,12.13,7.11,11.73,9025.7,0.644,0.638,0.987,0.633,13.656,4874.0,Hybrid,1982,MARIN paper,Measured,STL,"{""Fn"": [0.05, 0.1, 0.15, 0.2, 0.25, 0.3, 0.35], ""Resistance_N"": [379079, 424207, 469336, 514464, 559593, 604721, 649850]}"
FIS_0426,Fishing,60.65,15.24,3.38,7.5,1397.4,0.497,0.464,0.853,0.711,7.671,147.0,Hybrid,1998,MARIN paper,Estimated,Parametric (NURBS),
FER_0427,Ferry,54.31,31.18,3.72,10.85,2874.4,0.507,0.486,0.869,0.642,6.659,5557.0,Diesel,2020,ShipD (MIT),Model tests,IGES,"{""Fn"": [0.05, 0.1, 0.15, 0.2, 0.25, 0.3, 0.35], ""Resistance_N"": [120724, 135096, 149468, 163840, 178212, 192584, 206956]}"
RO-_0428,RO-RO,96.38,18.16,8.97,13.13,6697.6,0.474,0.439,0.888,0.621,9.263,45763.0,Diesel,2020,MARIN paper,Design spec,STL,
CRU_0429,Cruise ship,188.8,36.06,7.23,32.69,36636.5,0.827,0.9,0.902,0.651,10.29,23213.0,Hybrid,1985,MARIN paper,Model tests,Mesh available (OBJ),"{""Fn"": [0.05, 0.1, 0.15, 0.2, 0.25, 0.3, 0.35], ""Resistance_N"": [1538733, 1721915, 1905097, 2088280, 2271462, 2454645, 2637828]}"
OTH_0430,Other,233.71,28.8,14.74,29.04,46342.3,0.519,0.567,0.851,0.832,9.821,92051.0,Electric,2024,SIMMAN,Estimated,STL,"{""Fn"": [0.05, 0.1, 0.15, 0.2, 0.25, 0.3, 0.35], ""Resistance_N"": [1946376, 2178088, 2409799, 2641511, 2873222, 3104934, 3336645]}"
TAN_0431,Tanker,245.52,65.97,11.07,18.87,97144.9,0.602,0.58,0.884,0.636,8.184,64390.0,Hybrid,1977,DSYHS (Delft),Calculated from geometry,None,"{""Fn"": [0.05, 0.1, 0.15, 0.2, 0.25, 0.3, 0.35], ""Resistance_N"": [4080085, 4565810, 5051534, 5537259, 6022983, 6508708, 6994432]}"
FER_0432,Ferry,133.57,11.06,4.3,4.93,3218.7,0.563,0.591,0.897,0.912,8.914,4475.0,Nuclear,1988,DSYHS (Delft),Model tests,IGES,
NAV_0433,Naval combatant,109.72,21.99,6.95,9.05,9432.3,0.625,0.661,0.863,0.646,14.922,9677.0,Electric,1976,DSYHS (Delft),Model tests,None,
CRU_0434,Cruise ship,221.11,45.8,9.48,21.84,67825.7,0.785,0.829,0.892,0.828,10.457,11824.0,Electric,2020,SIMMAN,Estimated,IGES,"{""Fn"": [0.05, 0.1, 0.15, 0.2, 0.25, 0.3, 0.35], ""Resistance_N"": [2848679, 3187807, 3526936, 3866064, 4205193, 4544321, 4883450]}"
OTH_0435,Other,286.04,49.44,10.96,6.98,88160.8,0.632,0.598,0.923,0.674,9.933,3020.0,Diesel,2017,ShipD (MIT),Calculated from geometry,Mesh available (OBJ),"{""Fn"": [0.05, 0.1, 0.15, 0.2, 0.25, 0.3, 0.35], ""Resistance_N"": [3702753, 4143557, 4584361, 5025165, 5465969, 5906773, 6347577]}"
TAN_0436,Tanker,231.83,52.6,10.6,25.55,56886.9,0.489,0.449,0.963,0.846,7.591,98849.0,Nuclear,2012,SIMMAN,Measured,None,
FIS_0437,Fishing,37.34,16.04,3.96,7.72,988.3,0.463,0.469,0.987,0.723,5.734,382.0,Diesel,1999,ShipD (MIT),Design spec,STL,"{""Fn"": [0.05, 0.1, 0.15, 0.2, 0.25, 0.3, 0.35], ""Resistance_N"": [41508, 46450, 51391, 56333, 61274, 66216, 71157]}"
FER_0438,Ferry,182.71,14.27,4.87,6.5,6925.2,0.606,0.655,0.935,0.757,9.592,4361.0,Nuclear,2000,MARIN paper,Design spec,STL,
CON_0439,Container,217.42,38.78,15.74,26.19,70589.8,0.591,0.668,0.898,0.609,8.44,169017.0,Electric,1992,MARIN paper,Model tests,None,
RO-_0440,RO-RO,104.6,22.9,6.79,11.51,10451.5,0.714,0.696,0.947,0.79,10.012,5799.0,Diesel,1989,Public spec,Design spec,Mesh available (OBJ),"{""Fn"": [0.05, 0.1, 0.15, 0.2, 0.25, 0.3, 0.35], ""Resistance_N"": [438963, 491220, 543478, 595735, 647992, 700250, 752508]}"
FIS_0441,Fishing,36.2,10.45,5.39,5.41,1488.3,0.811,0.796,0.954,0.788,9.187,383.0,Gas Turbine,1994,MARIN paper,Model tests,IGES,"{""Fn"": [0.05, 0.1, 0.15, 0.2, 0.25, 0.3, 0.35], ""Resistance_N"": [62508, 69950, 77391, 84833, 92274, 99716, 107157]}"
BUL_0442,Bulk carrier,265.08,27.68,15.95,27.85,75520.6,0.717,0.689,0.895,0.91,5.663,257823.0,Diesel,2020,MARIN paper,Design spec,None,
FER_0443,Ferry,57.13,35.9,4.71,5.81,6494.5,0.747,0.709,0.977,0.63,8.253,631.0,Hybrid,2021,SIMMAN,Calculated from geometry,Parametric (NURBS),"{""Fn"": [0.05, 0.1, 0.15, 0.2, 0.25, 0.3, 0.35], ""Resistance_N"": [272769, 305241, 337713, 370186, 402658, 435131, 467604]}"
NAV_0444,Naval combatant,177.52,18.52,5.81,16.04,10710.1,0.623,0.643,0.88,0.729,16.076,7891.0,Hybrid,2018,DSYHS (Delft),Model tests,STL,"{""Fn"": [0.05, 0.1, 0.15, 0.2, 0.25, 0.3, 0.35], ""Resistance_N"": [449824, 503374, 556925, 610475, 664026, 717576, 771127]}"
TAN_0445,Tanker,278.44,30.22,24.36,28.56,117512.8,0.637,0.709,0.93,0.797,7.518,200838.0,Electric,2006,Open dataset,Model tests,STL,
CRU_0446,Cruise ship,226.5,27.91,7.38,30.28,23933.3,0.57,0.577,0.898,0.866,9.393,10088.0,Gas Turbine,1996,Public spec,Design spec,None,
OTH_0447,Other,86.12,15.73,4.27,3.75,4003.4,0.769,0.759,0.923,0.917,6.721,90570.0,Diesel-electric,1982,Public spec,Design spec,Mesh available (OBJ),
FER_0448,Ferry,168.45,17.22,5.53,9.15,6742.0,0.467,0.511,0.967,0.618,11.708,2579.0,Diesel,1989,SIMMAN,Estimated,Mesh available (OBJ),
RO-_0449,RO-RO,231.47,30.48,5.7,9.12,26927.7,0.744,0.815,0.928,0.865,10.134,56030.0,Nuclear,1986,ShipD (MIT),Design spec,STL,"{""Fn"": [0.05, 0.1, 0.15, 0.2, 0.25, 0.3, 0.35], ""Resistance_N"": [1130963, 1265601, 1400240, 1534878, 1669517, 1804155, 1938794]}"
BUL_0450,Bulk carrier,282.37,32.73,21.32,26.22,136902.6,0.772,0.819,0.99,0.67,5.419,93502.0,Nuclear,1987,SIMMAN,Estimated,STL,"{""Fn"": [0.05, 0.1, 0.15, 0.2, 0.25, 0.3, 0.35], ""Resistance_N"": [5749909, 6434422, 7118935, 7803448, 8487961, 9172474, 9856987]}"
CON_0451,Container,247.11,33.74,15.54,19.28,72297.1,0.62,0.659,0.994,0.881,12.569,78969.0,Gas Turbine,2015,Public spec,Model tests,STL,
CON_0452,Container,352.44,45.81,15.47,27.89,172189.7,0.766,0.747,0.933,0.699,12.669,78942.0,Electric,2021,ShipD (MIT),Measured,Parametric (NURBS),
OFF_0453,Offshore supply,77.19,24.74,4.57,9.89,4335.7,0.552,0.514,0.973,0.675,5.794,5363.0,Electric,1998,Public spec,Calculated from geometry,Mesh available (OBJ),"{""Fn"": [0.05, 0.1, 0.15, 0.2, 0.25, 0.3, 0.35], ""Resistance_N"": [182099, 203777, 225456, 247134, 268813, 290491, 312170]}"
FER_0454,Ferry,179.97,31.4,7.67,7.77,23990.7,0.615,0.674,0.958,0.881,11.237,6612.0,Gas Turbine,2014,MARIN paper,Model tests,None,
RO-_0455,RO-RO,180.32,32.27,8.69,12.53,20980.0,0.461,0.418,0.946,0.802,9.644,9893.0,Diesel-electric,1995,Open dataset,Estimated,None,"{""Fn"": [0.05, 0.1, 0.15, 0.2, 0.25, 0.3, 0.35], ""Resistance_N"": [881160, 986060, 1090960, 1195860, 1300759, 1405660, 1510560]}"
OTH_0456,Other,43.02,12.1,11.05,29.18,4048.2,0.782,0.831,0.977,0.819,9.009,31973.0,Electric,2000,DSYHS (Delft),Estimated,Parametric (NURBS),"{""Fn"": [0.05, 0.1, 0.15, 0.2, 0.25, 0.3, 0.35], ""Resistance_N"": [170024, 190265, 210506, 230747, 250988, 271229, 291470]}"
OTH_0457,Other,251.5,40.98,5.18,14.19,25129.5,0.523,0.587,0.992,0.883,5.501,94813.0,Electric,2005,MARIN paper,Design spec,Mesh available (OBJ),"{""Fn"": [0.05, 0.1, 0.15, 0.2, 0.25, 0.3, 0.35], ""Resistance_N"": [1055439, 1181086, 1306733, 1432381, 1558028, 1683676, 1809324]}"
OFF_0458,Offshore supply,63.88,21.82,3.68,7.01,2871.4,0.622,0.606,0.863,0.718,8.068,880.0,Hybrid,2015,SIMMAN,Calculated from geometry,IGES,"{""Fn"": [0.05, 0.1, 0.15, 0.2, 0.25, 0.3, 0.35], ""Resistance_N"": [120598, 134955, 149312, 163669, 178026, 192383, 206740]}"
BUL_0459,Bulk carrier,167.14,27.55,23.14,27.9,53319.1,0.556,0.603,0.907,0.738,5.676,94070.0,Gas Turbine,2022,Open dataset,Design spec,IGES,"{""Fn"": [0.05, 0.1, 0.15, 0.2, 0.25, 0.3, 0.35], ""Resistance_N"": [2239402, 2505997, 2772593, 3039188, 3305784, 3572379, 3838975]}"
TAN_0460,Tanker,238.05,27.01,12.93,16.54,52151.5,0.697,0.765,0.905,0.819,6.559,14540.0,Gas Turbine,1978,Open dataset,Calculated from geometry,Parametric (NURBS),"{""Fn"": [0.05, 0.1, 0.15, 0.2, 0.25, 0.3, 0.35], ""Resistance_N"": [2190363, 2451120, 2711877, 2972635, 3233392, 3494150, 3754908]}"
RO-_0461,RO-RO,196.27,30.72,6.28,8.95,16153.1,0.474,0.467,0.885,0.891,10.279,56480.0,Hybrid,2021,Open dataset,Model tests,Mesh available (OBJ),"{""Fn"": [0.05, 0.1, 0.15, 0.2, 0.25, 0.3, 0.35], ""Resistance_N"": [678430, 759195, 839961, 920726, 1001492, 1082257, 1163023]}"
FER_0462,Ferry,125.68,19.9,7.88,9.37,8921.9,0.503,0.569,0.856,0.657,7.222,3993.0,Nuclear,1991,DSYHS (Delft),Model tests,None,
FIS_0463,Fishing,43.14,7.65,2.91,7.87,561.8,0.65,0.727,0.892,0.715,6.328,903.0,Hybrid,1986,Public spec,Measured,None,
RO-_0464,RO-RO,223.9,22.31,9.97,15.64,22904.0,0.511,0.572,0.949,0.855,7.366,10620.0,Diesel-electric,1984,ShipD (MIT),Calculated from geometry,None,
TAN_0465,Tanker,309.43,40.95,24.92,33.18,132432.0,0.466,0.462,0.956,0.755,6.666,382168.0,Diesel,1979,Public spec,Model tests,Parametric (NURBS),
FER_0466,Ferry,77.1,14.38,5.3,6.18,4262.5,0.806,0.832,0.938,0.911,9.421,4609.0,Diesel,1996,DSYHS (Delft),Calculated from geometry,Mesh available (OBJ),"{""Fn"": [0.05, 0.1, 0.15, 0.2, 0.25, 0.3, 0.35], ""Resistance_N"": [179025, 200337, 221649, 242962, 264274, 285587, 306900]}"
NAV_0467,Naval combatant,92.86,18.81,8.08,11.94,8713.6,0.686,0.76,0.976,0.649,13.278,12799.0,Nuclear,2012,SIMMAN,Estimated,STL,"{""Fn"": [0.05, 0.1, 0.15, 0.2, 0.25, 0.3, 0.35], ""Resistance_N"": [365971, 409539, 453107, 496675, 540243, 583811, 627379]}"
CON_0468,Container,198.83,19.84,12.6,22.42,37084.4,0.829,0.909,0.986,0.855,8.83,174022.0,Electric,2021,Public spec,Estimated,Mesh available (OBJ),
BUL_0469,Bulk carrier,234.9,46.31,9.48,15.61,50675.9,0.546,0.596,0.91,0.607,5.68,161516.0,Gas Turbine,1995,Open dataset,Design spec,Mesh available (OBJ),"{""Fn"": [0.05, 0.1, 0.15, 0.2, 0.25, 0.3, 0.35], ""Resistance_N"": [2128387, 2381767, 2635146, 2888526, 3141905, 3395285, 3648664]}"
FER_0470,Ferry,123.63,21.24,6.93,6.48,11857.5,0.724,0.691,0.95,0.866,9.338,3968.0,Nuclear,1994,Public spec,Measured,STL,
RO-_0471,RO-RO,103.53,24.45,6.84,9.86,10939.1,0.702,0.664,0.927,0.911,9.29,39561.0,Diesel-electric,2015,SIMMAN,Measured,STL,"{""Fn"": [0.05, 0.1, 0.15, 0.2, 0.25, 0.3, 0.35], ""Resistance_N"": [459442, 514137, 568833, 623528, 678224, 732919, 787615]}"
BUL_0472,Bulk carrier,181.05,38.56,22.52,20.51,72021.8,0.509,0.476,0.985,0.869,6.49,125237.0,Hybrid,1973,ShipD (MIT),Model tests,STL,
BUL_0473,Bulk carrier,227.24,37.41,15.43,25.85,91491.9,0.775,0.771,0.938,0.846,5.186,298801.0,Diesel-electric,1999,DSYHS (Delft),Calculated from geometry,Mesh available (OBJ),"{""Fn"": [0.05, 0.1, 0.15, 0.2, 0.25, 0.3, 0.35], ""Resistance_N"": [3842659, 4300119, 4757578, 5215038, 5672497, 6129957, 6587416]}"
BUL_0474,Bulk carrier,207.41,51.11,13.02,25.93,93537.1,0.753,0.761,0.971,0.709,7.506,325902.0,Diesel-electric,1983,ShipD (MIT),Measured,None,
BUL_0475,Bulk carrier,211.1,18.84,14.32,10.29,36495.1,0.712,0.722,0.911,0.81,7.059,293105.0,Hybrid,1989,MARIN paper,Estimated,IGES,
FER_0476,Ferry,63.15,13.51,3.55,10.53,1984.4,0.728,0.702,0.854,0.754,7.069,2010.0,Electric,2023,MARIN paper,Design spec,Mesh available (OBJ),
FER_0477,Ferry,165.46,13.85,4.82,4.93,8062.2,0.811,0.857,0.917,0.755,6.294,3651.0,Diesel-electric,1985,Public spec,Measured,IGES,"{""Fn"": [0.05, 0.1, 0.15, 0.2, 0.25, 0.3, 0.35], ""Resistance_N"": [338612, 378923, 419234, 459545, 499856, 540167, 580478]}"
CON_0478,Container,200.16,22.31,14.63,21.93,36219.7,0.616,0.63,0.937,0.834,12.857,17033.0,Nuclear,1995,MARIN paper,Measured,STL,
OFF_0479,Offshore supply,66.23,12.85,3.08,7.88,1583.0,0.671,0.656,0.947,0.885,5.505,3811.0,Gas Turbine,2011,SIMMAN,Calculated from geometry,Mesh available (OBJ),
TAN_0480,Tanker,209.12,29.23,13.85,15.8,40992.0,0.538,0.606,0.901,0.793,7.745,299061.0,Gas Turbine,1978,Open dataset,Calculated from geometry,IGES,
NAV_0481,Naval combatant,177.56,20.0,9.07,14.22,16320.5,0.563,0.61,0.95,0.641,13.887,9874.0,Nuclear,1976,SIMMAN,Estimated,Parametric (NURBS),
CRU_0482,Cruise ship,266.93,61.97,7.9,23.91,84797.6,0.721,0.694,0.979,0.761,10.92,13443.0,Hybrid,1977,DSYHS (Delft),Model tests,STL,
CRU_0483,Cruise ship,252.14,61.75,8.96,31.54,95169.6,0.758,0.78,0.984,0.873,11.058,20107.0,Electric,1976,ShipD (MIT),Calculated from geometry,IGES,"{""Fn"": [0.05, 0.1, 0.15, 0.2, 0.25, 0.3, 0.35], ""Resistance_N"": [3997123, 4472971, 4948819, 5424667, 5900515, 6376363, 6852211]}"
BUL_0484,Bulk carrier,324.68,54.74,17.75,28.88,139406.4,0.491,0.514,0.926,0.653,5.448,90100.0,Diesel-electric,1993,Open dataset,Estimated,IGES,
FIS_0485,Fishing,47.4,16.19,2.19,4.18,1176.8,0.778,0.744,0.88,0.91,8.073,16.0,Nuclear,2023,Public spec,Estimated,STL,
TAN_0486,Tanker,160.46,37.88,20.83,19.02,81587.1,0.716,0.686,0.963,0.735,5.849,362778.0,Nuclear,1996,SIMMAN,Measured,None,
CON_0487,Container,232.77,50.35,13.46,23.9,67864.4,0.478,0.472,0.91,0.847,10.241,84720.0,Electric,1972,Open dataset,Design spec,STL,"{""Fn"": [0.05, 0.1, 0.15, 0.2, 0.25, 0.3, 0.35], ""Resistance_N"": [2850304, 3189626, 3528948, 3868270, 4207592, 4546914, 4886236]}"
CON_0488,Container,393.32,59.16,14.19,32.14,249322.3,0.839,0.844,0.983,0.824,12.276,147094.0,Gas Turbine,1990,ShipD (MIT),Estimated,STL,"{""Fn"": [0.05, 0.1, 0.15, 0.2, 0.25, 0.3, 0.35], ""Resistance_N"": [10471536, 11718148, 12964759, 14211371, 15457982, 16704594, 17951205]}"
OTH_0489,Other,277.73,36.51,9.75,8.54,59437.2,0.668,0.72,0.948,0.823,9.595,78167.0,Diesel-electric,1995,Public spec,Model tests,Mesh available (OBJ),
FIS_0490,Fishing,36.74,14.15,4.83,2.76,1914.1,0.847,0.834,0.864,0.777,6.798,759.0,Diesel,1980,ShipD (MIT),Measured,STL,
FER_0491,Ferry,86.2,30.13,6.5,11.9,7505.7,0.494,0.452,0.906,0.801,8.362,477.0,Diesel,2011,SIMMAN,Estimated,STL,"{""Fn"": [0.05, 0.1, 0.15, 0.2, 0.25, 0.3, 0.35], ""Resistance_N"": [315239, 352767, 390296, 427824, 465353, 502881, 540410]}"
CON_0492,Container,235.94,59.28,14.25,34.75,121259.0,0.676,0.742,0.944,0.771,10.988,76564.0,Electric,1988,Open dataset,Measured,Parametric (NURBS),
RO-_0493,RO-RO,167.95,20.95,6.64,13.82,16379.9,0.779,0.776,0.865,0.828,9.759,6752.0,Nuclear,1973,DSYHS (Delft),Calculated from geometry,Parametric (NURBS),"{""Fn"": [0.05, 0.1, 0.15, 0.2, 0.25, 0.3, 0.35], ""Resistance_N"": [687955, 769855, 851754, 933654, 1015553, 1097453, 1179352]}"
OFF_0494,Offshore supply,55.47,21.48,4.61,7.79,3767.0,0.762,0.825,0.938,0.804,8.22,4196.0,Electric,2001,SIMMAN,Design spec,Parametric (NURBS),"{""Fn"": [0.05, 0.1, 0.15, 0.2, 0.25, 0.3, 0.35], ""Resistance_N"": [158214, 177049, 195883, 214719, 233553, 252389, 271224]}"
FIS_0495,Fishing,23.26,13.96,2.08,6.23,483.2,0.795,0.76,0.882,0.751,7.956,944.0,Diesel,1993,MARIN paper,Calculated from geometry,Mesh available (OBJ),"{""Fn"": [0.05, 0.1, 0.15, 0.2, 0.25, 0.3, 0.35], ""Resistance_N"": [20294, 22710, 25126, 27542, 29958, 32374, 34790]}"
BUL_0496,Bulk carrier,197.61,31.61,16.36,12.59,52608.4,0.572,0.571,0.894,0.609,5.512,315679.0,Diesel,1996,Public spec,Estimated,Parametric (NURBS),"{""Fn"": [0.05, 0.1, 0.15, 0.2, 0.25, 0.3, 0.35], ""Resistance_N"": [2209552, 2472594, 2735636, 2998678, 3261720, 3524762, 3787804]}"
TAN_0497,Tanker,336.59,43.46,10.08,18.72,105900.2,0.798,0.802,0.936,0.781,7.923,353793.0,Electric,2000,MARIN paper,Design spec,Parametric (NURBS),
FIS_0498,Fishing,56.37,14.66,4.5,2.89,2480.0,0.741,0.703,0.944,0.8,6.108,901.0,Hybrid,1991,ShipD (MIT),Calculated from geometry,None,"{""Fn"": [0.05, 0.1, 0.15, 0.2, 0.25, 0.3, 0.35], ""Resistance_N"": [104160, 116560, 128959, 141360, 153759, 166160, 178560]}"
BUL_0499,Bulk carrier,301.85,51.24,17.15,27.52,174989.1,0.733,0.756,0.869,0.779,5.639,251294.0,Diesel,2006,MARIN paper,Measured,Parametric (NURBS),
OFF_0500,Offshore supply,85.18,12.26,5.63,7.66,4418.4,0.835,0.821,0.881,0.866,7.734,3561.0,Hybrid,1975,MARIN paper,Estimated,IGES,
OTH_0501,Other,32.6,43.79,1.93,14.8,1527.5,0.616,0.678,0.898,0.682,4.823,9978.0,Gas Turbine,1980,DSYHS (Delft),Design spec,None,
BUL_0502,Bulk carrier,152.39,62.75,18.86,11.3,135369.4,0.834,0.808,0.957,0.695,5.398,65559.0,Gas Turbine,1990,SIMMAN,Model tests,Mesh available (OBJ),
CRU_0503,Cruise ship,200.32,45.88,7.59,27.63,40933.6,0.652,0.725,0.89,0.702,10.398,6636.0,Nuclear,1971,Open dataset,Design spec,Mesh available (OBJ),"{""Fn"": [0.05, 0.1, 0.15, 0.2, 0.25, 0.3, 0.35], ""Resistance_N"": [1719211, 1923879, 2128547, 2333215, 2537883, 2742551, 2947219]}"
FER_0504,Ferry,133.11,25.24,3.06,10.1,6578.6,0.711,0.677,0.935,0.743,11.398,4053.0,Diesel-electric,2020,Public spec,Measured,Parametric (NURBS),
CRU_0505,Cruise ship,262.88,38.95,9.28,26.78,38482.9,0.45,0.46,0.974,0.693,11.26,5013.0,Gas Turbine,2000,MARIN paper,Estimated,IGES,
NAV_0506,Naval combatant,182.67,14.13,9.04,10.81,10815.0,0.515,0.534,0.86,0.629,16.454,12796.0,Hybrid,2016,Public spec,Calculated from geometry,Parametric (NURBS),"{""Fn"": [0.05, 0.1, 0.15, 0.2, 0.25, 0.3, 0.35], ""Resistance_N"": [454230, 508305, 562380, 616455, 670529, 724605, 778680]}"
OTH_0507,Other,161.35,41.09,17.85,28.53,74982.3,0.704,0.781,0.956,0.687,8.204,32197.0,Nuclear,1983,MARIN paper,Estimated,Mesh available (OBJ),
TAN_0508,Tanker,295.15,20.1,16.1,32.54,61806.8,0.719,0.723,0.984,0.825,7.498,246777.0,Electric,2020,Open dataset,Model tests,STL,
CON_0509,Container,367.77,52.27,11.01,14.84,159816.1,0.839,0.838,0.94,0.724,12.116,164255.0,Diesel,1970,SIMMAN,Estimated,Parametric (NURBS),
OFF_0510,Offshore supply,50.66,22.4,6.03,8.4,4520.3,0.734,0.709,0.972,0.8,7.64,1482.0,Gas Turbine,2001,ShipD (MIT),Estimated,IGES,
OTH_0511,Other,78.54,13.82,16.69,13.69,13010.7,0.798,0.822,0.924,0.777,8.189,56592.0,Hybrid,2013,MARIN paper,Design spec,Mesh available (OBJ),
OTH_0512,Other,55.91,7.93,6.3,18.39,1360.0,0.541,0.559,0.967,0.661,8.301,99195.0,Electric,2014,MARIN paper,Measured,None,"{""Fn"": [0.05, 0.1, 0.15, 0.2, 0.25, 0.3, 0.35], ""Resistance_N"": [57120, 63920, 70720, 77520, 84319, 91120, 97920]}"
FIS_0513,Fishing,72.4,4.03,3.42,6.04,637.6,0.71,0.771,0.898,0.87,6.209,130.0,Nuclear,2003,SIMMAN,Estimated,STL,
CON_0514,Container,365.14,27.43,9.5,21.66,53950.1,0.63,0.581,0.879,0.626,10.879,14820.0,Diesel-electric,2017,Open dataset,Calculated from geometry,Mesh available (OBJ),
CRU_0515,Cruise ship,191.34,35.17,7.16,29.38,19991.0,0.461,0.467,0.854,0.855,11.184,26012.0,Diesel,1985,SIMMAN,Design spec,None,"{""Fn"": [0.05, 0.1, 0.15, 0.2, 0.25, 0.3, 0.35], ""Resistance_N"": [839622, 939577, 1039531, 1139487, 1239441, 1339397, 1439352]}"
CON_0516,Container,346.49,39.83,9.13,13.68,78246.2,0.69,0.697,0.864,0.743,8.809,195159.0,Nuclear,1972,Public spec,Model tests,Parametric (NURBS),"{""Fn"": [0.05, 0.1, 0.15, 0.2, 0.25, 0.3, 0.35], ""Resistance_N"": [3286340, 3677571, 4068802, 4460033, 4851264, 5242495, 5633726]}"
CON_0517,Container,375.73,36.56,9.71,26.4,57141.4,0.476,0.514,0.934,0.694,9.997,28207.0,Nuclear,2018,DSYHS (Delft),Measured,STL,"{""Fn"": [0.05, 0.1, 0.15, 0.2, 0.25, 0.3, 0.35], ""Resistance_N"": [2399938, 2685645, 2971352, 3257059, 3542766, 3828473, 4114180]}"
CON_0518,Container,236.02,37.5,10.85,26.26,42435.9,0.491,0.526,0.951,0.608,10.626,121684.0,Diesel,1976,ShipD (MIT),Measured,Mesh available (OBJ),
OTH_0519,Other,241.04,13.71,12.1,20.21,19901.2,0.553,0.558,0.959,0.742,5.617,79712.0,Diesel-electric,1973,Public spec,Measured,IGES,
FIS_0520,Fishing,77.38,14.56,2.9,7.31,2234.8,0.76,0.729,0.896,0.71,6.013,18.0,Electric,2007,Open dataset,Design spec,Mesh available (OBJ),"{""Fn"": [0.05, 0.1, 0.15, 0.2, 0.25, 0.3, 0.35], ""Resistance_N"": [93861, 105035, 116209, 127383, 138557, 149731, 160905]}"
CRU_0521,Cruise ship,256.49,55.41,9.15,26.33,61795.4,0.528,0.504,0.986,0.851,9.963,21696.0,Electric,2014,SIMMAN,Measured,None,
OTH_0522,Other,178.51,20.1,7.04,11.87,11185.1,0.492,0.556,0.987,0.759,9.795,63894.0,Diesel-electric,2014,SIMMAN,Measured,Parametric (NURBS),"{""Fn"": [0.05, 0.1, 0.15, 0.2, 0.25, 0.3, 0.35], ""Resistance_N"": [469774, 525699, 581625, 637550, 693476, 749401, 805327]}"
CRU_0523,Cruise ship,250.96,52.73,9.04,32.11,64598.8,0.6,0.602,0.974,0.602,9.28,13947.0,Diesel,2005,DSYHS (Delft),Estimated,IGES,
CRU_0524,Cruise ship,282.58,58.51,7.9,34.63,62304.2,0.53,0.517,0.883,0.684,9.619,26188.0,Diesel-electric,1985,DSYHS (Delft),Model tests,Parametric (NURBS),
FER_0525,Ferry,186.6,10.55,6.23,7.03,8444.2,0.765,0.729,0.99,0.698,7.656,6494.0,Diesel-electric,2012,MARIN paper,Measured,IGES,
BUL_0526,Bulk carrier,144.88,59.49,10.09,14.17,51891.9,0.663,0.703,0.898,0.737,6.781,369195.0,Hybrid,2018,MARIN paper,Design spec,STL,"{""Fn"": [0.05, 0.1, 0.15, 0.2, 0.25, 0.3, 0.35], ""Resistance_N"": [2179459, 2438919, 2698378, 2957838, 3217297, 3476757, 3736216]}"
FER_0527,Ferry,168.44,18.52,2.79,10.36,6258.6,0.799,0.86,0.995,0.883,7.465,743.0,Electric,2000,MARIN paper,Model tests,Parametric (NURBS),"{""Fn"": [0.05, 0.1, 0.15, 0.2, 0.25, 0.3, 0.35], ""Resistance_N"": [262861, 294154, 325447, 356740, 388033, 419326, 450619]}"
FIS_0528,Fishing,40.23,16.35,4.88,4.25,1900.9,0.658,0.631,0.957,0.768,6.602,956.0,Gas Turbine,2000,MARIN paper,Calculated from geometry,STL,"{""Fn"": [0.05, 0.1, 0.15, 0.2, 0.25, 0.3, 0.35], ""Resistance_N"": [79837, 89342, 98846, 108351, 117855, 127360, 136864]}"
CON_0529,Container,162.16,55.59,11.07,17.39,48228.6,0.537,0.542,0.907,0.65,12.132,58360.0,Diesel-electric,1975,ShipD (MIT),Estimated,IGES,"{""Fn"": [0.05, 0.1, 0.15, 0.2, 0.25, 0.3, 0.35], ""Resistance_N"": [2025601, 2266744, 2507887, 2749030, 2990173, 3231316, 3472459]}"
FIS_0530,Fishing,37.85,12.18,3.59,5.73,923.5,0.62,0.631,0.911,0.857,5.746,388.0,Nuclear,1981,DSYHS (Delft),Estimated,Mesh available (OBJ),
NAV_0531,Naval combatant,189.16,14.95,7.01,13.47,8581.8,0.481,0.467,0.884,0.638,14.714,9098.0,Diesel-electric,1991,Open dataset,Estimated,None,
FER_0532,Ferry,161.78,29.98,7.15,5.53,21597.9,0.692,0.66,0.978,0.829,9.526,2162.0,Gas Turbine,2019,Public spec,Estimated,IGES,
RO-_0533,RO-RO,213.28,31.16,5.06,14.54,25604.2,0.846,0.92,0.98,0.673,9.435,14172.0,Hybrid,1984,MARIN paper,Measured,IGES,
OFF_0534,Offshore supply,73.85,13.2,6.38,7.14,4629.1,0.827,0.831,0.916,0.873,5.237,1005.0,Gas Turbine,1978,Open dataset,Model tests,IGES,
NAV_0535,Naval combatant,127.38,16.19,8.11,12.03,11455.0,0.761,0.781,0.899,0.607,16.901,13987.0,Gas Turbine,1979,MARIN paper,Measured,STL,
OTH_0536,Other,262.74,49.11,5.28,13.55,40713.7,0.664,0.638,0.866,0.782,6.903,89479.0,Diesel-electric,1975,ShipD (MIT),Measured,Parametric (NURBS),
CON_0537,Container,347.94,43.34,7.24,16.58,80081.5,0.815,0.815,0.881,0.693,10.659,96386.0,Hybrid,1993,ShipD (MIT),Design spec,None,
RO-_0538,RO-RO,148.67,35.79,5.65,12.18,20211.4,0.747,0.748,0.986,0.666,9.889,19965.0,Electric,2022,Open dataset,Calculated from geometry,Parametric (NURBS),"{""Fn"": [0.05, 0.1, 0.15, 0.2, 0.25, 0.3, 0.35], ""Resistance_N"": [848878, 949935, 1050992, 1152049, 1253106, 1354163, 1455220]}"
OTH_0539,Other,181.03,18.96,5.25,22.35,10282.1,0.634,0.61,0.999,0.743,9.206,60504.0,Hybrid,1985,Public spec,Measured,IGES,"{""Fn"": [0.05, 0.1, 0.15, 0.2, 0.25, 0.3, 0.35], ""Resistance_N"": [431848, 483258, 534669, 586079, 637490, 688900, 740311]}"
OFF_0540,Offshore supply,82.39,12.55,3.36,8.23,2557.7,0.818,0.813,0.976,0.854,6.352,4975.0,Diesel-electric,2024,SIMMAN,Design spec,Parametric (NURBS),"{""Fn"": [0.05, 0.1, 0.15, 0.2, 0.25, 0.3, 0.35], ""Resistance_N"": [107423, 120211, 133000, 145788, 158577, 171365, 184154]}"
OTH_0541,Other,225.31,25.6,18.35,7.95,64489.3,0.677,0.678,0.992,0.677,9.49,27413.0,Hybrid,2010,Public spec,Model tests,Parametric (NURBS),
OFF_0542,Offshore supply,78.79,22.67,3.48,6.84,4206.9,0.752,0.768,0.967,0.731,5.653,1402.0,Nuclear,1972,ShipD (MIT),Model tests,IGES,
RO-_0543,RO-RO,141.55,23.99,5.97,8.38,10035.1,0.55,0.592,0.87,0.814,8.635,28758.0,Hybrid,1975,Open dataset,Design spec,IGES,"{""Fn"": [0.05, 0.1, 0.15, 0.2, 0.25, 0.3, 0.35], ""Resistance_N"": [421474, 471649, 521825, 572000, 622176, 672351, 722527]}"
TAN_0544,Tanker,252.99,33.4,10.74,30.96,56601.7,0.693,0.666,0.869,0.837,5.664,305412.0,Electric,1970,Public spec,Design spec,IGES,
NAV_0545,Naval combatant,109.57,19.14,9.36,13.32,11076.9,0.627,0.583,0.945,0.767,16.269,10580.0,Nuclear,1976,Open dataset,Estimated,IGES,
CON_0546,Container,279.46,20.04,10.4,16.64,28830.7,0.55,0.618,0.88,0.605,8.36,12766.0,Diesel-electric,2022,Open dataset,Model tests,Parametric (NURBS),"{""Fn"": [0.05, 0.1, 0.15, 0.2, 0.25, 0.3, 0.35], ""Resistance_N"": [1210889, 1355042, 1499196, 1643349, 1787503, 1931656, 2075810]}"
BUL_0547,Bulk carrier,287.35,57.03,10.69,13.68,97121.5,0.616,0.58,0.899,0.78,5.632,90776.0,Nuclear,2004,SIMMAN,Model tests,Parametric (NURBS),"{""Fn"": [0.05, 0.1, 0.15, 0.2, 0.25, 0.3, 0.35], ""Resistance_N"": [4079102, 4564710, 5050317, 5535925, 6021532, 6507140, 6992748]}"
CRU_0548,Cruise ship,172.24,34.93,7.04,29.81,17344.4,0.455,0.433,0.883,0.811,9.833,20597.0,Diesel,1972,DSYHS (Delft),Calculated from geometry,None,
OTH_0549,Other,159.88,49.57,14.68,24.36,85756.2,0.819,0.843,0.888,0.63,6.118,63105.0,Electric,1994,Open dataset,Design spec,None,
TAN_0550,Tanker,292.48,62.43,13.41,31.29,141700.6,0.643,0.637,0.941,0.787,6.325,291860.0,Hybrid,1984,MARIN paper,Model tests,Parametric (NURBS),
CON_0551,Container,284.9,55.66,9.78,28.97,105102.2,0.753,0.784,0.859,0.72,9.604,38817.0,Electric,1983,ShipD (MIT),Design spec,STL,
OFF_0552,Offshore supply,101.75,16.6,4.11,8.22,4710.8,0.754,0.772,0.997,0.807,6.035,337.0,Electric,2024,Public spec,Estimated,Parametric (NURBS),
CRU_0553,Cruise ship,263.26,58.27,8.66,23.73,86681.9,0.725,0.769,0.941,0.722,9.922,16059.0,Diesel,1970,SIMMAN,Model tests,Parametric (NURBS),
CON_0554,Container,290.31,23.94,8.84,14.11,37987.2,0.687,0.745,0.99,0.676,8.593,147747.0,Diesel-electric,1989,Open dataset,Design spec,Parametric (NURBS),
RO-_0555,RO-RO,116.47,20.98,6.43,12.48,9955.1,0.704,0.689,0.967,0.626,10.204,25098.0,Nuclear,1980,SIMMAN,Calculated from geometry,STL,
OTH_0556,Other,225.78,39.21,16.66,24.43,60794.6,0.458,0.458,0.978,0.843,9.804,59538.0,Hybrid,1979,Open dataset,Design spec,None,"{""Fn"": [0.05, 0.1, 0.15, 0.2, 0.25, 0.3, 0.35], ""Resistance_N"": [2553373, 2857346, 3161319, 3465292, 3769265, 4073238, 4377211]}"
RO-_0557,RO-RO,159.55,25.07,6.88,14.06,11863.6,0.479,0.447,0.92,0.65,7.788,2744.0,Electric,2002,Open dataset,Estimated,IGES,"{""Fn"": [0.05, 0.1, 0.15, 0.2, 0.25, 0.3, 0.35], ""Resistance_N"": [498271, 557589, 616907, 676225, 735543, 794861, 854179]}"
RO-_0558,RO-RO,228.85,34.81,9.85,11.73,45621.1,0.646,0.679,0.938,0.731,7.322,55452.0,Hybrid,1994,DSYHS (Delft),Design spec,IGES,"{""Fn"": [0.05, 0.1, 0.15, 0.2, 0.25, 0.3, 0.35], ""Resistance_N"": [1916086, 2144191, 2372297, 2600402, 2828508, 3056613, 3284719]}"
FER_0559,Ferry,165.69,29.54,4.42,9.67,13707.1,0.704,0.702,0.859,0.723,8.791,2049.0,Diesel,2000,Public spec,Model tests,Parametric (NURBS),
FER_0560,Ferry,140.82,34.55,3.31,5.98,9870.3,0.681,0.717,0.874,0.637,6.743,5721.0,Nuclear,1994,Open dataset,Measured,Mesh available (OBJ),
FIS_0561,Fishing,74.15,16.26,2.25,4.56,1775.0,0.727,0.742,0.93,0.884,7.131,736.0,Electric,2018,ShipD (MIT),Model tests,STL,
NAV_0562,Naval combatant,179.57,14.69,5.26,15.48,9116.0,0.73,0.681,0.875,0.757,13.359,12058.0,Hybrid,1996,SIMMAN,Estimated,IGES,"{""Fn"": [0.05, 0.1, 0.15, 0.2, 0.25, 0.3, 0.35], ""Resistance_N"": [382872, 428452, 474031, 519612, 565191, 610772, 656352]}"
TAN_0563,Tanker,182.34,28.95,10.28,22.16,31794.1,0.651,0.615,0.935,0.668,5.765,339962.0,Diesel-electric,2021,Public spec,Calculated from geometry,IGES,"{""Fn"": [0.05, 0.1, 0.15, 0.2, 0.25, 0.3, 0.35], ""Resistance_N"": [1335352, 1494322, 1653293, 1812263, 1971234, 2130204, 2289175]}"
OTH_0564,Other,50.57,33.64,2.98,5.31,2281.3,0.5,0.458,0.854,0.675,7.111,76065.0,Diesel,1970,Public spec,Model tests,STL,"{""Fn"": [0.05, 0.1, 0.15, 0.2, 0.25, 0.3, 0.35], ""Resistance_N"": [95814, 107221, 118627, 130034, 141440, 152847, 164253]}"
CON_0565,Container,129.05,39.94,7.07,25.87,27713.1,0.845,0.894,0.99,0.751,9.792,91596.0,Electric,1993,Public spec,Estimated,Parametric (NURBS),"{""Fn"": [0.05, 0.1, 0.15, 0.2, 0.25, 0.3, 0.35], ""Resistance_N"": [1163950, 1302515, 1441081, 1579646, 1718212, 1856777, 1995343]}"
NAV_0566,Naval combatant,163.16,15.78,4.34,11.56,5853.0,0.582,0.545,0.919,0.823,16.592,13543.0,Diesel,1978,MARIN paper,Model tests,STL,
FER_0567,Ferry,192.66,29.54,3.87,7.62,14351.4,0.724,0.787,0.927,0.811,6.193,5140.0,Gas Turbine,2022,ShipD (MIT),Estimated,Mesh available (OBJ),"{""Fn"": [0.05, 0.1, 0.15, 0.2, 0.25, 0.3, 0.35], ""Resistance_N"": [602758, 674515, 746272, 818029, 889786, 961543, 1033300]}"
NAV_0568,Naval combatant,164.57,14.34,6.91,15.39,11271.5,0.768,0.763,0.991,0.901,15.31,10558.0,Diesel,2014,Open dataset,Calculated from geometry,None,"{""Fn"": [0.05, 0.1, 0.15, 0.2, 0.25, 0.3, 0.35], ""Resistance_N"": [473402, 529760, 586118, 642475, 698832, 755190, 811548]}"
OTH_0569,Other,74.62,11.44,11.12,18.44,6774.9,0.793,0.809,0.869,0.855,5.976,67322.0,Nuclear,2005,DSYHS (Delft),Calculated from geometry,Mesh available (OBJ),
OFF_0570,Offshore supply,96.38,15.37,3.85,8.77,3664.9,0.714,0.676,0.915,0.829,5.639,5588.0,Gas Turbine,1994,DSYHS (Delft),Estimated,IGES,"{""Fn"": [0.05, 0.1, 0.15, 0.2, 0.25, 0.3, 0.35], ""Resistance_N"": [153925, 172250, 190574, 208899, 227223, 245548, 263872]}"
BUL_0571,Bulk carrier,259.75,61.37,18.14,20.82,199872.3,0.768,0.761,0.884,0.784,7.521,35220.0,Nuclear,1991,Open dataset,Calculated from geometry,STL,
RO-_0572,RO-RO,211.27,20.47,5.58,8.88,10555.3,0.486,0.532,0.991,0.838,7.561,23328.0,Gas Turbine,2024,SIMMAN,Measured,Mesh available (OBJ),
FER_0573,Ferry,59.28,23.93,7.16,11.84,5283.7,0.578,0.575,0.952,0.855,9.382,4852.0,Diesel,1984,SIMMAN,Model tests,STL,"{""Fn"": [0.05, 0.1, 0.15, 0.2, 0.25, 0.3, 0.35], ""Resistance_N"": [221915, 248333, 274752, 301170, 327589, 354007, 380426]}"
OFF_0574,Offshore supply,72.11,23.43,4.19,6.09,4600.0,0.722,0.691,0.893,0.839,7.765,5000.0,Hybrid,1972,Public spec,Estimated,STL,
BUL_0575,Bulk carrier,177.43,57.84,17.18,23.88,85052.2,0.536,0.524,0.995,0.619,7.228,69553.0,Diesel-electric,2015,Open dataset,Design spec,Mesh available (OBJ),
TAN_0576,Tanker,345.63,54.91,13.08,30.38,182083.6,0.815,0.786,0.853,0.726,6.448,218305.0,Nuclear,1992,SIMMAN,Model tests,STL,
FER_0577,Ferry,92.35,34.0,6.36,8.38,8788.7,0.489,0.481,0.969,0.877,6.507,7483.0,Nuclear,1989,Open dataset,Design spec,STL,"{""Fn"": [0.05, 0.1, 0.15, 0.2, 0.25, 0.3, 0.35], ""Resistance_N"": [369125, 413068, 457012, 500955, 544899, 588842, 632786]}"
TAN_0578,Tanker,246.05,43.16,23.25,15.24,171548.8,0.772,0.747,0.948,0.716,7.787,54857.0,Diesel-electric,2020,SIMMAN,Calculated from geometry,Parametric (NURBS),
CON_0579,Container,128.81,58.91,8.62,13.21,49567.9,0.842,0.877,0.939,0.91,11.134,86758.0,Diesel,1972,DSYHS (Delft),Calculated from geometry,IGES,"{""Fn"": [0.05, 0.1, 0.15, 0.2, 0.25, 0.3, 0.35], ""Resistance_N"": [2081851, 2329691, 2577530, 2825370, 3073209, 3321049, 3568888]}"
FER_0580,Ferry,153.2,34.82,6.09,7.0,21256.0,0.727,0.78,0.949,0.849,11.513,5237.0,Electric,1987,Open dataset,Calculated from geometry,None,"{""Fn"": [0.05, 0.1, 0.15, 0.2, 0.25, 0.3, 0.35], ""Resistance_N"": [892752, 999032, 1105312, 1211592, 1317871, 1424152, 1530432]}"
CON_0581,Container,136.0,21.47,11.4,27.38,19592.8,0.654,0.607,0.936,0.783,9.498,151618.0,Hybrid,2020,DSYHS (Delft),Calculated from geometry,IGES,"{""Fn"": [0.05, 0.1, 0.15, 0.2, 0.25, 0.3, 0.35], ""Resistance_N"": [822897, 920861, 1018825, 1116789, 1214753, 1312717, 1410681]}"
RO-_0582,RO-RO,134.75,18.5,6.63,15.14,11825.6,0.795,0.815,0.911,0.824,8.418,49412.0,Hybrid,2020,SIMMAN,Model tests,STL,
OTH_0583,Other,170.91,41.85,13.56,23.34,46525.6,0.533,0.569,0.868,0.876,8.407,582.0,Gas Turbine,1998,ShipD (MIT),Model tests,Parametric (NURBS),"{""Fn"": [0.05, 0.1, 0.15, 0.2, 0.25, 0.3, 0.35], ""Resistance_N"": [1954075, 2186703, 2419331, 2651959, 2884587, 3117215, 3349843]}"
OTH_0584,Other,77.74,12.25,11.91,25.99,4736.4,0.464,0.541,0.926,0.716,7.476,42333.0,Diesel,2012,DSYHS (Delft),Estimated,Mesh available (OBJ),"{""Fn"": [0.05, 0.1, 0.15, 0.2, 0.25, 0.3, 0.35], ""Resistance_N"": [198928, 222610, 246292, 269974, 293656, 317338, 341020]}"
FIS_0585,Fishing,73.8,8.11,3.9,2.84,1357.1,0.646,0.637,0.987,0.919,7.234,515.0,Diesel,2014,Open dataset,Model tests,Parametric (NURBS),
CON_0586,Container,156.42,30.59,14.49,34.02,43118.2,0.691,0.669,0.904,0.641,11.112,24128.0,Gas Turbine,1986,SIMMAN,Design spec,IGES,"{""Fn"": [0.05, 0.1, 0.15, 0.2, 0.25, 0.3, 0.35], ""Resistance_N"": [1810964, 2026555, 2242146, 2457737, 2673328, 2888919, 3104510]}"
OFF_0587,Offshore supply,55.83,15.56,4.7,8.47,2440.0,0.664,0.623,0.96,0.919,7.295,1317.0,Hybrid,1993,Open dataset,Measured,STL,"{""Fn"": [0.05, 0.1, 0.15, 0.2, 0.25, 0.3, 0.35], ""Resistance_N"": [102480, 114680, 126879, 139080, 151279, 163480, 175680]}"
TAN_0588,Tanker,240.72,27.37,24.87,20.84,67836.4,0.46,0.488,0.862,0.64,5.484,251282.0,Gas Turbine,1974,Open dataset,Model tests,None,"{""Fn"": [0.05, 0.1, 0.15, 0.2, 0.25, 0.3, 0.35], ""Resistance_N"": [2849128, 3188310, 3527492, 3866674, 4205856, 4545038, 4884220]}"
NAV_0589,Naval combatant,175.59,13.46,8.79,10.74,9142.9,0.489,0.566,0.883,0.905,16.888,3605.0,Electric,2003,Public spec,Measured,IGES,"{""Fn"": [0.05, 0.1, 0.15, 0.2, 0.25, 0.3, 0.35], ""Resistance_N"": [384001, 429716, 475430, 521145, 566859, 612574, 658288]}"
BUL_0590,Bulk carrier,231.08,50.92,21.85,22.13,160353.3,0.693,0.76,0.876,0.903,6.146,144617.0,Electric,2017,MARIN paper,Measured,STL,"{""Fn"": [0.05, 0.1, 0.15, 0.2, 0.25, 0.3, 0.35], ""Resistance_N"": [6734838, 7536605, 8338371, 9140138, 9941904, 10743671, 11545437]}"
RO-_0591,RO-RO,161.53,18.55,5.05,13.14,6972.7,0.512,0.478,0.907,0.835,7.365,44074.0,Electric,1993,DSYHS (Delft),Measured,IGES,"{""Fn"": [0.05, 0.1, 0.15, 0.2, 0.25, 0.3, 0.35], ""Resistance_N"": [292853, 327716, 362580, 397443, 432307, 467170, 502034]}"
OFF_0592,Offshore supply,62.82,25.81,6.19,7.51,5058.3,0.56,0.566,0.991,0.882,7.657,1970.0,Diesel,2024,Public spec,Calculated from geometry,None,
BUL_0593,Bulk carrier,253.28,21.6,11.84,12.06,39642.2,0.68,0.641,0.893,0.897,7.224,14170.0,Electric,1997,MARIN paper,Design spec,IGES,"{""Fn"": [0.05, 0.1, 0.15, 0.2, 0.25, 0.3, 0.35], ""Resistance_N"": [1664972, 1863183, 2061394, 2259605, 2457816, 2656027, 2854238]}"
OFF_0594,Offshore supply,86.05,25.97,6.55,8.49,8062.3,0.612,0.642,0.987,0.839,7.349,4275.0,Gas Turbine,2017,DSYHS (Delft),Measured,STL,"{""Fn"": [0.05, 0.1, 0.15, 0.2, 0.25, 0.3, 0.35], ""Resistance_N"": [338616, 378928, 419239, 459551, 499862, 540174, 580485]}"
CON_0595,Container,282.21,58.52,13.07,32.28,128020.7,0.659,0.638,0.861,0.869,10.609,190971.0,Nuclear,1997,SIMMAN,Design spec,None,
