Angle_deg,GZ_m,GM_T_m
0,0.0,0.25
5,0.02178893568691454,0.25
10,0.04341204441673258,0.25
15,0.06470476127563018,0.25
20,0.08550503583141718,0.25
25,0.10565456543517486,0.25
30,0.12499999999999999,0.25
